{
  "streets": [
    {
      "b": 50.687707417334, 
      "l": 4.631648777647, 
      "name": "Venelle de Sart", 
      "numOfAddr": 3, 
      "r": 4.632051962275, 
      "sanName": "venelledesart", 
      "t": 50.687988879876
    }, 
    {
      "b": 50.696503519037, 
      "l": 4.637294519766, 
      "name": "Venelle Notre-Dame des Champs", 
      "numOfAddr": 1, 
      "r": 4.637294519766, 
      "sanName": "venellenotredamedeschamps", 
      "t": 50.696503519037
    }
  ]
}