{
  "streets": [
    {
      "b": 50.627787263477, 
      "l": 4.795005539902, 
      "name": "Avenue des Moissons", 
      "numOfAddr": 1, 
      "r": 4.795005539902, 
      "sanName": "avenuedesmoissons", 
      "t": 50.627787263477
    }
  ]
}