{
  "streets": [
    {
      "b": 50.642902099419, 
      "l": 4.915149647004, 
      "name": "Chauss\u00e9e Olivier Dehasse", 
      "numOfAddr": 1, 
      "r": 4.915149647004, 
      "sanName": "chausseolivierdehasse", 
      "t": 50.642902099419
    }, 
    {
      "b": 50.636467022174, 
      "l": 4.91618593311, 
      "name": "Rue de la Fr\u00eate", 
      "numOfAddr": 1, 
      "r": 4.91618593311, 
      "sanName": "ruedelafrte", 
      "t": 50.636467022174
    }
  ]
}