{
  "streets": [
    {
      "b": 50.723376433709, 
      "l": 4.66215586943, 
      "name": "Avenue Comte G\u00e9rard d'Ursel", 
      "numOfAddr": 1, 
      "r": 4.66215586943, 
      "sanName": "avenuecomtegrarddursel", 
      "t": 50.723376433709
    }
  ]
}