{
  "streets": [
    {
      "b": 50.620163479495, 
      "l": 4.694834818159, 
      "name": "Rue de l'Herbe", 
      "numOfAddr": 1, 
      "r": 4.694834818159, 
      "sanName": "ruedelherbe", 
      "t": 50.620163479495
    }
  ]
}