{
  "streets": [
    {
      "b": 50.691449539298, 
      "l": 4.210500741396, 
      "name": "Rue de la D\u00e9portation", 
      "numOfAddr": 1, 
      "r": 4.210500741396, 
      "sanName": "ruedeladportation", 
      "t": 50.691449539298
    }
  ]
}