{
  "streets": [
    {
      "b": 50.710259670352, 
      "l": 4.657573086372, 
      "name": "52", 
      "numOfAddr": 1, 
      "r": 4.657573086372, 
      "sanName": "52", 
      "t": 50.710259670352
    }
  ]
}