{
  "streets": [
    {
      "b": 50.690571668451, 
      "l": 4.636225131404, 
      "name": "3", 
      "numOfAddr": 1, 
      "r": 4.636225131404, 
      "sanName": "3", 
      "t": 50.690571668451
    }, 
    {
      "b": 50.689664070626, 
      "l": 4.666433660156, 
      "name": "49", 
      "numOfAddr": 1, 
      "r": 4.666433660156, 
      "sanName": "49", 
      "t": 50.689664070626
    }
  ]
}