{
  "streets": [
    {
      "b": 50.699563691427, 
      "l": 4.662662027769, 
      "name": "2", 
      "numOfAddr": 1, 
      "r": 4.662662027769, 
      "sanName": "2", 
      "t": 50.699563691427
    }
  ]
}