{
  "streets": [
    {
      "b": 50.702208953896, 
      "l": 4.738229312193, 
      "name": "10", 
      "numOfAddr": 1, 
      "r": 4.738229312193, 
      "sanName": "10", 
      "t": 50.702208953896
    }
  ]
}