{
  "streets": [
    {
      "b": 50.703765422032, 
      "l": 4.669127850801, 
      "name": "41", 
      "numOfAddr": 1, 
      "r": 4.669127850801, 
      "sanName": "41", 
      "t": 50.703765422032
    }, 
    {
      "b": 50.708276075927, 
      "l": 4.667562599946, 
      "name": "65", 
      "numOfAddr": 1, 
      "r": 4.667562599946, 
      "sanName": "65", 
      "t": 50.708276075927
    }
  ]
}