{
  "streets": [
    {
      "b": 50.679130070924, 
      "l": 4.705566168297, 
      "name": "10", 
      "numOfAddr": 1, 
      "r": 4.705566168297, 
      "sanName": "10", 
      "t": 50.679130070924
    }
  ]
}