{
  "streets": [
    {
      "b": 50.692091899759, 
      "l": 4.695101771277, 
      "name": "16", 
      "numOfAddr": 1, 
      "r": 4.695101771277, 
      "sanName": "16", 
      "t": 50.692091899759
    }, 
    {
      "b": 50.698195047374, 
      "l": 4.660719661513, 
      "name": "2", 
      "numOfAddr": 1, 
      "r": 4.660719661513, 
      "sanName": "2", 
      "t": 50.698195047374
    }
  ]
}