{
  "streets": [
    {
      "b": 50.699116465008, 
      "l": 4.660644517867, 
      "name": "10", 
      "numOfAddr": 1, 
      "r": 4.660644517867, 
      "sanName": "10", 
      "t": 50.699116465008
    }, 
    {
      "b": 50.699247157584, 
      "l": 4.735003267385, 
      "name": "11", 
      "numOfAddr": 1, 
      "r": 4.735003267385, 
      "sanName": "11", 
      "t": 50.699247157584
    }
  ]
}