{
  "streets": [
    {
      "b": 50.688692281789, 
      "l": 4.688819553981, 
      "name": "179", 
      "numOfAddr": 1, 
      "r": 4.688819553981, 
      "sanName": "179", 
      "t": 50.688692281789
    }, 
    {
      "b": 50.68574592225, 
      "l": 4.713769788641, 
      "name": "8", 
      "numOfAddr": 1, 
      "r": 4.713769788641, 
      "sanName": "8", 
      "t": 50.68574592225
    }, 
    {
      "b": 50.69736083353, 
      "l": 4.733093592973, 
      "name": "8", 
      "numOfAddr": 1, 
      "r": 4.733093592973, 
      "sanName": "8", 
      "t": 50.69736083353
    }
  ]
}