{
  "streets": [
    {
      "b": 50.704601837423, 
      "l": 4.742257376943, 
      "name": "16", 
      "numOfAddr": 1, 
      "r": 4.742257376943, 
      "sanName": "16", 
      "t": 50.704601837423
    }, 
    {
      "b": 50.697900098955, 
      "l": 4.655364885116, 
      "name": "24", 
      "numOfAddr": 1, 
      "r": 4.655364885116, 
      "sanName": "24", 
      "t": 50.697900098955
    }, 
    {
      "b": 50.688754942219, 
      "l": 4.694412262945, 
      "name": "34", 
      "numOfAddr": 1, 
      "r": 4.694412262945, 
      "sanName": "34", 
      "t": 50.688754942219
    }, 
    {
      "b": 50.692916386152, 
      "l": 4.687739003157, 
      "name": "8", 
      "numOfAddr": 1, 
      "r": 4.687739003157, 
      "sanName": "8", 
      "t": 50.692916386152
    }
  ]
}