{
  "streets": [
    {
      "b": 50.709010791551, 
      "l": 4.744353628131, 
      "name": "20", 
      "numOfAddr": 1, 
      "r": 4.744353628131, 
      "sanName": "20", 
      "t": 50.709010791551
    }, 
    {
      "b": 50.70371326064, 
      "l": 4.658596965783, 
      "name": "23", 
      "numOfAddr": 1, 
      "r": 4.658596965783, 
      "sanName": "23", 
      "t": 50.70371326064
    }
  ]
}