{
  "streets": [
    {
      "b": 50.688918310305, 
      "l": 4.70639783651, 
      "name": "2", 
      "numOfAddr": 1, 
      "r": 4.70639783651, 
      "sanName": "2", 
      "t": 50.688918310305
    }
  ]
}