{
  "streets": [
    {
      "b": 50.664433045069, 
      "l": 5.666197761057, 
      "name": "Clos des Farfadets", 
      "numOfAddr": 1, 
      "r": 5.666197761057, 
      "sanName": "closdesfarfadets", 
      "t": 50.664433045069
    }, 
    {
      "b": 50.664060860166, 
      "l": 5.664977752746, 
      "name": "Clos des Sot\u00eas", 
      "numOfAddr": 1, 
      "r": 5.664977752746, 
      "sanName": "closdessots", 
      "t": 50.664060860166
    }, 
    {
      "b": 50.662339402484, 
      "l": 5.665398286581, 
      "name": "Rue de Rabos\u00e9e", 
      "numOfAddr": 2, 
      "r": 5.666557677592, 
      "sanName": "ruederabose", 
      "t": 50.662806091525
    }
  ]
}