{
  "streets": [
    {
      "b": 50.558575972301, 
      "l": 5.625681246616, 
      "name": "Rue des Bruy\u00e8res", 
      "numOfAddr": 2, 
      "r": 5.636540877043, 
      "sanName": "ruedesbruyres", 
      "t": 50.558865505445
    }, 
    {
      "b": 50.555833079215, 
      "l": 5.630784236205, 
      "name": "Rue sur les Huts", 
      "numOfAddr": 1, 
      "r": 5.630784236205, 
      "sanName": "ruesurleshuts", 
      "t": 50.555833079215
    }, 
    {
      "b": 50.563625646469, 
      "l": 5.638327308332, 
      "name": "Source aux Papillons", 
      "numOfAddr": 1, 
      "r": 5.638327308332, 
      "sanName": "sourceauxpapillons", 
      "t": 50.563625646469
    }, 
    {
      "b": 50.578482707505, 
      "l": 5.616962828403, 
      "name": "Voie de l'Air Pur", 
      "numOfAddr": 1, 
      "r": 5.616962828403, 
      "sanName": "voiedelairpur", 
      "t": 50.578482707505
    }
  ]
}