{
  "streets": [
    {
      "b": 50.586248473718, 
      "l": 5.602324266493, 
      "name": "Avenue des Pommiers", 
      "numOfAddr": 1, 
      "r": 5.602324266493, 
      "sanName": "avenuedespommiers", 
      "t": 50.586248473718
    }
  ]
}