{
  "streets": [
    {
      "b": 50.525148692479, 
      "l": 5.694555116312, 
      "name": "Rue du P\u00e8re Andr\u00e9", 
      "numOfAddr": 1, 
      "r": 5.694555116312, 
      "sanName": "ruedupreandr", 
      "t": 50.525148692479
    }
  ]
}