{
  "streets": [
    {
      "b": 50.740409939786, 
      "l": 5.031329439706, 
      "name": "Rue de Landen", 
      "numOfAddr": 3, 
      "r": 5.041516473845, 
      "sanName": "ruedelanden", 
      "t": 50.740946993028
    }
  ]
}