{
  "streets": [
    {
      "b": 50.725627574165, 
      "l": 5.464836809761, 
      "name": "Rue de la Savate", 
      "numOfAddr": 1, 
      "r": 5.464836809761, 
      "sanName": "ruedelasavate", 
      "t": 50.725627574165
    }, 
    {
      "b": 50.672550700951, 
      "l": 5.464837670848, 
      "name": "Rue Jean Lambert Defr\u00eane", 
      "numOfAddr": 1, 
      "r": 5.464837670848, 
      "sanName": "ruejeanlambertdefrne", 
      "t": 50.672550700951
    }, 
    {
      "b": 50.664213857932, 
      "l": 5.472091226994, 
      "name": "Rue Paul-Emile Janson", 
      "numOfAddr": 1, 
      "r": 5.472091226994, 
      "sanName": "ruepaulemilejanson", 
      "t": 50.664213857932
    }
  ]
}