{
  "streets": [
    {
      "b": 50.684935001935, 
      "l": 5.456004722962, 
      "name": "Placette des Tonneliers", 
      "numOfAddr": 1, 
      "r": 5.456004722962, 
      "sanName": "placettedestonneliers", 
      "t": 50.684935001935
    }
  ]
}