{
  "streets": [
    {
      "b": 50.635959288248, 
      "l": 5.783713449094, 
      "name": "Rue de Soumagne", 
      "numOfAddr": 1, 
      "r": 5.783713449094, 
      "sanName": "ruedesoumagne", 
      "t": 50.635959288248
    }, 
    {
      "b": 50.637293317564, 
      "l": 5.783560236534, 
      "name": "Voie des Chardonnerets", 
      "numOfAddr": 1, 
      "r": 5.783560236534, 
      "sanName": "voiedeschardonnerets", 
      "t": 50.637293317564
    }
  ]
}