{
  "streets": [
    {
      "b": 50.624369494325, 
      "l": 5.765606935884, 
      "name": "Rue des deux Tilleuls", 
      "numOfAddr": 2, 
      "r": 5.766852198941, 
      "sanName": "ruedesdeuxtilleuls", 
      "t": 50.625996791033
    }, 
    {
      "b": 50.599114733725, 
      "l": 5.773683301157, 
      "name": "Rue Nicolas Hardy", 
      "numOfAddr": 1, 
      "r": 5.773683301157, 
      "sanName": "ruenicolashardy", 
      "t": 50.599114733725
    }, 
    {
      "b": 50.631209224184, 
      "l": 5.763977678275, 
      "name": "Voie du Charbonnage", 
      "numOfAddr": 2, 
      "r": 5.764078209244, 
      "sanName": "voieducharbonnage", 
      "t": 50.631604393119
    }
  ]
}