{
  "streets": [
    {
      "b": 50.721434223839, 
      "l": 6.014716886638, 
      "name": "Steinkaulstra\u00dfe", 
      "numOfAddr": 1, 
      "r": 6.014716886638, 
      "sanName": "steinkaulstrae", 
      "t": 50.721434223839
    }
  ]
}