{
  "streets": [
    {
      "b": 50.363922193624, 
      "l": 6.134884517773, 
      "name": "Barbarastra\u00dfe", 
      "numOfAddr": 1, 
      "r": 6.134884517773, 
      "sanName": "barbarastrae", 
      "t": 50.363922193624
    }, 
    {
      "b": 50.362549648018, 
      "l": 6.139602560104, 
      "name": "Im Uhrenfeld", 
      "numOfAddr": 1, 
      "r": 6.139602560104, 
      "sanName": "imuhrenfeld", 
      "t": 50.362549648018
    }
  ]
}