{
  "streets": [
    {
      "b": 50.275680510716, 
      "l": 6.117051434484, 
      "name": "Buchenweg", 
      "numOfAddr": 1, 
      "r": 6.117051434484, 
      "sanName": "buchenweg", 
      "t": 50.275680510716
    }, 
    {
      "b": 50.28525383205, 
      "l": 6.098764912906, 
      "name": "Solvaystra\u00dfe", 
      "numOfAddr": 1, 
      "r": 6.098764912906, 
      "sanName": "solvaystrae", 
      "t": 50.28525383205
    }
  ]
}