{
  "streets": [
    {
      "b": 50.287737226882, 
      "l": 6.25645492224, 
      "name": "K-F.-Schinkel-Strasse", 
      "numOfAddr": 1, 
      "r": 6.25645492224, 
      "sanName": "kfschinkelstrasse", 
      "t": 50.287737226882
    }
  ]
}