{
  "streets": [
    {
      "b": 50.568455276074, 
      "l": 5.868823404067, 
      "name": "Bouquette", 
      "numOfAddr": 1, 
      "r": 5.868823404067, 
      "sanName": "bouquette", 
      "t": 50.568455276074
    }
  ]
}