{
  "streets": [
    {
      "b": 50.517278665879, 
      "l": 4.829773751768, 
      "name": "Rue du Hazoir", 
      "numOfAddr": 1, 
      "r": 4.829773751768, 
      "sanName": "rueduhazoir", 
      "t": 50.517278665879
    }
  ]
}