{
  "streets": [
    {
      "b": 50.438813690894, 
      "l": 5.176354004963, 
      "name": "Rue de l'Orgalisse", 
      "numOfAddr": 9, 
      "r": 5.180345235391, 
      "sanName": "ruedelorgalisse", 
      "t": 50.441458939709
    }, 
    {
      "b": 50.436498560417, 
      "l": 5.193029239544, 
      "name": "Rue Hodoumont", 
      "numOfAddr": 6, 
      "r": 5.199937543586, 
      "sanName": "ruehodoumont", 
      "t": 50.445722750735
    }, 
    {
      "b": 50.455119109956, 
      "l": 5.192880286271, 
      "name": "Rue Pont de Jallet", 
      "numOfAddr": 5, 
      "otherPCs": [
        "5353"
      ], 
      "r": 5.193265486585, 
      "sanName": "ruepontdejallet", 
      "t": 50.456040283057
    }, 
    {
      "b": 50.441485520745, 
      "l": 5.178293279414, 
      "name": "Rue Saint-Martin", 
      "numOfAddr": 40, 
      "r": 5.195402851548, 
      "sanName": "ruesaintmartin", 
      "t": 50.447330865262
    }
  ]
}