{
  "streets": [
    {
      "b": 50.27877155723, 
      "l": 4.991157845427, 
      "name": "Rue du Coleau", 
      "numOfAddr": 3, 
      "r": 4.992922578636, 
      "sanName": "rueducoleau", 
      "t": 50.279673250471
    }
  ]
}