{
  "streets": [
    {
      "b": 49.816858376743, 
      "l": 4.897752884283, 
      "name": "Rue de Bagimont", 
      "numOfAddr": 1, 
      "r": 4.897752884283, 
      "sanName": "ruedebagimont", 
      "t": 49.816858376743
    }
  ]
}