{
  "streets": [
    {
      "b": 49.864268493565, 
      "l": 4.998199549033, 
      "name": "Cornimont", 
      "numOfAddr": 1, 
      "r": 4.998199549033, 
      "sanName": "cornimont", 
      "t": 49.864268493565
    }
  ]
}