{
  "streets": [
    {
      "b": 50.173605780101, 
      "l": 4.697013621824, 
      "name": "Rue Bourgmestre O. Targez", 
      "numOfAddr": 1, 
      "r": 4.697013621824, 
      "sanName": "ruebourgmestreotargez", 
      "t": 50.173605780101
    }, 
    {
      "b": 50.179067453282, 
      "l": 4.694419685273, 
      "name": "Rue des Fusill\u00e9s", 
      "numOfAddr": 1, 
      "r": 4.694419685273, 
      "sanName": "ruedesfusills", 
      "t": 50.179067453282
    }
  ]
}