{
  "streets": [
    {
      "b": 50.304845538756, 
      "l": 4.698752721724, 
      "name": "Rue de Terwagne", 
      "numOfAddr": 1, 
      "r": 4.698752721724, 
      "sanName": "ruedeterwagne", 
      "t": 50.304845538756
    }
  ]
}