{
  "streets": [
    {
      "b": 50.273791870292, 
      "l": 4.65310820145, 
      "name": "Rue Bois Saint-Jean", 
      "numOfAddr": 2, 
      "r": 4.662098303437, 
      "sanName": "rueboissaintjean", 
      "t": 50.279555866334
    }, 
    {
      "b": 50.282543606286, 
      "l": 4.659423739026, 
      "name": "Rue des Marchets", 
      "numOfAddr": 1, 
      "r": 4.659423739026, 
      "sanName": "ruedesmarchets", 
      "t": 50.282543606286
    }
  ]
}