{
  "streets": [
    {
      "b": 50.239633316472, 
      "l": 4.208301487184, 
      "name": "Chemin de Lorinchamps", 
      "numOfAddr": 2, 
      "r": 4.209685244013, 
      "sanName": "chemindelorinchamps", 
      "t": 50.23985819266
    }
  ]
}