{
  "streets": [
    {
      "b": 49.951589058396, 
      "l": 5.696854990801, 
      "name": "Salvacourt", 
      "numOfAddr": 1, 
      "r": 5.696854990801, 
      "sanName": "salvacourt", 
      "t": 49.951589058396
    }
  ]
}