{
  "streets": [
    {
      "b": 49.632030137757, 
      "l": 5.804499381683, 
      "name": "Rue des Calvaires", 
      "numOfAddr": 1, 
      "r": 5.804499381683, 
      "sanName": "ruedescalvaires", 
      "t": 49.632030137757
    }
  ]
}