{
  "streets": [
    {
      "b": 49.686937321305, 
      "l": 5.371835423848, 
      "name": "Rue de la Fourche", 
      "numOfAddr": 1, 
      "r": 5.371835423848, 
      "sanName": "ruedelafourche", 
      "t": 49.686937321305
    }, 
    {
      "b": 49.692327942354, 
      "l": 5.378679501187, 
      "name": "Rue du Fonteny", 
      "numOfAddr": 1, 
      "r": 5.378679501187, 
      "sanName": "ruedufonteny", 
      "t": 49.692327942354
    }
  ]
}