{
  "streets": [
    {
      "b": 49.839153621866, 
      "l": 5.108750443601, 
      "name": "Route de Brienne", 
      "numOfAddr": 1, 
      "r": 5.108750443601, 
      "sanName": "routedebrienne", 
      "t": 49.839153621866
    }
  ]
}