{
  "streets": [
    {
      "b": 49.800350780643, 
      "l": 5.53545656723, 
      "name": "Rue de la Tannerie", 
      "numOfAddr": 1, 
      "r": 5.53545656723, 
      "sanName": "ruedelatannerie", 
      "t": 49.800350780643
    }
  ]
}