{
  "streets": [
    {
      "b": 50.2046025046, 
      "l": 5.699825465102, 
      "name": "Bois Saint Jean", 
      "numOfAddr": 2, 
      "r": 5.70412879268, 
      "sanName": "boissaintjean", 
      "t": 50.2139343287
    }, 
    {
      "b": 50.174354071796, 
      "l": 5.657542253431, 
      "name": "B\u00e9rismenil", 
      "numOfAddr": 129, 
      "r": 5.678172405745, 
      "sanName": "brismenil", 
      "t": 50.191116900722
    }, 
    {
      "b": 50.167372249985, 
      "l": 5.624086683837, 
      "name": "Maboge", 
      "numOfAddr": 41, 
      "r": 5.630210874992, 
      "sanName": "maboge", 
      "t": 50.170348135902
    }, 
    {
      "b": 50.202513701418, 
      "l": 5.613546123987, 
      "name": "Samr\u00e9e", 
      "numOfAddr": 118, 
      "r": 5.664155492433, 
      "sanName": "samre", 
      "t": 50.222196127104
    }
  ]
}