{
  "streets": [
    {
      "b": 50.168552106669, 
      "l": 5.497595656666, 
      "name": "Halleux", 
      "numOfAddr": 54, 
      "r": 5.50599950464, 
      "sanName": "halleux", 
      "t": 50.174133197564
    }, 
    {
      "b": 50.174670136067, 
      "l": 5.516564992268, 
      "name": "Petit-Halleux", 
      "numOfAddr": 19, 
      "r": 5.525594434618, 
      "sanName": "petithalleux", 
      "t": 50.17896934321
    }
  ]
}