{
  "streets": [
    {
      "b": 50.168552106669, 
      "l": 5.497595656666, 
      "name": "Halleux", 
      "numOfAddr": 52, 
      "r": 5.50599950464, 
      "sanName": "halleux", 
      "t": 50.174018779419
    }, 
    {
      "b": 50.174670136067, 
      "l": 5.516564992268, 
      "name": "Petit-Halleux", 
      "numOfAddr": 17, 
      "r": 5.525210672894, 
      "sanName": "petithalleux", 
      "t": 50.177743299644
    }
  ]
}