{
  "streets": [
    {
      "b": 50.482709024384, 
      "l": 3.919725227871, 
      "name": "Rue Richard Sti\u00e9venart", 
      "numOfAddr": 1, 
      "r": 3.919725227871, 
      "sanName": "ruerichardstivenart", 
      "t": 50.482709024384
    }
  ]
}