{
  "streets": [
    {
      "b": 50.449542881552, 
      "l": 3.898644749783, 
      "name": "Avenue de la Fa\u00efencerie", 
      "numOfAddr": 2, 
      "r": 3.898721951977, 
      "sanName": "avenuedelafaencerie", 
      "t": 50.44976013314
    }, 
    {
      "b": 50.447362684077, 
      "l": 3.880837751802, 
      "name": "Avenue Mar\u00e9chal Foch", 
      "numOfAddr": 1, 
      "r": 3.880837751802, 
      "sanName": "avenuemarchalfoch", 
      "t": 50.447362684077
    }
  ]
}