{
  "streets": [
    {
      "b": 50.484150303699, 
      "l": 3.937242662469, 
      "name": "Avenue de Padoue", 
      "numOfAddr": 1, 
      "r": 3.937242662469, 
      "sanName": "avenuedepadoue", 
      "t": 50.484150303699
    }, 
    {
      "b": 50.475697543599, 
      "l": 3.963479006783, 
      "name": "Chemin des Wartons", 
      "numOfAddr": 2, 
      "r": 3.964115119387, 
      "sanName": "chemindeswartons", 
      "t": 50.476420296936
    }, 
    {
      "b": 50.478585212889, 
      "l": 3.94331473335, 
      "name": "Clos Evariste Mantannus", 
      "numOfAddr": 1, 
      "r": 3.94331473335, 
      "sanName": "closevaristemantannus", 
      "t": 50.478585212889
    }, 
    {
      "b": 50.489903686621, 
      "l": 3.971130834785, 
      "name": "Clos Nestor Nicaise", 
      "numOfAddr": 1, 
      "r": 3.971130834785, 
      "sanName": "closnestornicaise", 
      "t": 50.489903686621
    }
  ]
}