{
  "streets": [
    {
      "b": 50.457111559228, 
      "l": 4.033993785562, 
      "name": "Rue Adonis Descamps", 
      "numOfAddr": 1, 
      "r": 4.033993785562, 
      "sanName": "rueadonisdescamps", 
      "t": 50.457111559228
    }
  ]
}