{
  "streets": [
    {
      "b": 50.407282168063, 
      "l": 4.002496381457, 
      "name": "Rue de Beugnies", 
      "numOfAddr": 1, 
      "r": 4.002496381457, 
      "sanName": "ruedebeugnies", 
      "t": 50.407282168063
    }
  ]
}