{
  "streets": [
    {
      "b": 50.430829427567, 
      "l": 3.918430904199, 
      "name": "Avenue de la Grande Barre", 
      "numOfAddr": 1, 
      "r": 3.918430904199, 
      "sanName": "avenuedelagrandebarre", 
      "t": 50.430829427567
    }, 
    {
      "b": 50.439261570696, 
      "l": 3.909937726134, 
      "name": "Coron Bail", 
      "numOfAddr": 1, 
      "r": 3.909937726134, 
      "sanName": "coronbail", 
      "t": 50.439261570696
    }, 
    {
      "b": 50.439402911911, 
      "l": 3.911935111891, 
      "name": "Coron Martiny", 
      "numOfAddr": 1, 
      "r": 3.911935111891, 
      "sanName": "coronmartiny", 
      "t": 50.439402911911
    }
  ]
}