{
  "streets": [
    {
      "b": 50.496397365616, 
      "l": 4.00607460664, 
      "name": "Clos Saint-Macaire", 
      "numOfAddr": 1, 
      "r": 4.00607460664, 
      "sanName": "clossaintmacaire", 
      "t": 50.496397365616
    }
  ]
}