{
  "streets": [
    {
      "b": 50.443217780755, 
      "l": 4.253540561258, 
      "name": "Place de Carni\u00e8res", 
      "numOfAddr": 2, 
      "r": 4.254596858995, 
      "sanName": "placedecarnires", 
      "t": 50.44363768028
    }, 
    {
      "b": 50.442331289679, 
      "l": 4.256359015706, 
      "name": "Place Gonzales Decamps", 
      "numOfAddr": 1, 
      "r": 4.256359015706, 
      "sanName": "placegonzalesdecamps", 
      "t": 50.442331289679
    }, 
    {
      "b": 50.448131858911, 
      "l": 4.257193357288, 
      "name": "Rue Bassy", 
      "numOfAddr": 1, 
      "r": 4.257193357288, 
      "sanName": "ruebassy", 
      "t": 50.448131858911
    }
  ]
}