{
  "streets": [
    {
      "b": 50.505503832217, 
      "l": 3.358467961689, 
      "name": "Chemin du Roi", 
      "numOfAddr": 5, 
      "r": 3.35915069064, 
      "sanName": "cheminduroi", 
      "t": 50.506247841835
    }, 
    {
      "b": 50.516615890802, 
      "l": 3.377477095565, 
      "name": "Petit Howardries", 
      "numOfAddr": 14, 
      "r": 3.379971596828, 
      "sanName": "petithowardries", 
      "t": 50.518846727776
    }, 
    {
      "b": 50.505441749572, 
      "l": 3.353949556586, 
      "name": "Place de Howardries", 
      "numOfAddr": 14, 
      "r": 3.359113871988, 
      "sanName": "placedehowardries", 
      "t": 50.507400738616
    }, 
    {
      "b": 50.508585838101, 
      "l": 3.328735805357, 
      "name": "Rue du Planti", 
      "numOfAddr": 10, 
      "r": 3.343446435396, 
      "sanName": "rueduplanti", 
      "t": 50.510715307817
    }
  ]
}