{
  "streets": [
    {
      "b": 50.730849455106, 
      "l": 3.646750900497, 
      "name": "Maclinoire", 
      "numOfAddr": 2, 
      "r": 3.648669280739, 
      "sanName": "maclinoire", 
      "t": 50.730965222713
    }, 
    {
      "b": 50.744104637033, 
      "l": 3.65537930876, 
      "name": "Rue Beaufaux", 
      "numOfAddr": 2, 
      "r": 3.669093696777, 
      "sanName": "ruebeaufaux", 
      "t": 50.753422192486
    }, 
    {
      "b": 50.734994304344, 
      "l": 3.648348838295, 
      "name": "Rue Crimont", 
      "numOfAddr": 1, 
      "r": 3.648348838295, 
      "sanName": "ruecrimont", 
      "t": 50.734994304344
    }, 
    {
      "b": 50.73160633892, 
      "l": 3.687158293622, 
      "name": "Rue de Lessines", 
      "numOfAddr": 1, 
      "r": 3.687158293622, 
      "sanName": "ruedelessines", 
      "t": 50.73160633892
    }
  ]
}