{
  "streets": [
    {
      "b": 49.897517389191, 
      "l": 5.213285402209, 
      "name": "", 
      "numOfAddr": 1, 
      "r": 5.213285402209, 
      "sanName": "", 
      "t": 49.897517389191
    }, 
    {
      "b": 49.898023146487, 
      "l": 5.212504878108, 
      "name": "", 
      "numOfAddr": 1, 
      "otherPCs": [
        "Jehonville"
      ], 
      "r": 5.212504878108, 
      "sanName": "", 
      "t": 49.898023146487
    }
  ]
}