{
  "streets": [
    {
      "b": 50.2076981641, 
      "l": 6.120185124465, 
      "name": "", 
      "numOfAddr": 1, 
      "r": 6.120185124465, 
      "sanName": "", 
      "t": 50.2076981641
    }, 
    {
      "b": 50.212540678944, 
      "l": 6.123172859888, 
      "name": "", 
      "numOfAddr": 1, 
      "r": 6.123172859888, 
      "sanName": "", 
      "t": 50.212540678944
    }, 
    {
      "b": 50.211369665346, 
      "l": 6.125049190657, 
      "name": "", 
      "numOfAddr": 1, 
      "r": 6.125049190657, 
      "sanName": "", 
      "t": 50.211369665346
    }, 
    {
      "b": 50.211360787778, 
      "l": 6.122612336036, 
      "name": "", 
      "numOfAddr": 1, 
      "r": 6.122612336036, 
      "sanName": "", 
      "t": 50.211360787778
    }
  ]
}