{
  "streets": [
    {
      "b": 50.274624455047, 
      "l": 6.25789375414, 
      "name": "", 
      "numOfAddr": 1, 
      "r": 6.25789375414, 
      "sanName": "", 
      "t": 50.274624455047
    }
  ]
}