{
  "streets": [
    {
      "b": 50.307152067529, 
      "l": 6.283403896399, 
      "name": "", 
      "numOfAddr": 1, 
      "r": 6.283403896399, 
      "sanName": "", 
      "t": 50.307152067529
    }
  ]
}