{
  "streets": [
    {
      "b": 49.689306314784, 
      "l": 5.520982932681, 
      "name": "", 
      "numOfAddr": 1, 
      "r": 5.520982932681, 
      "sanName": "", 
      "t": 49.689306314784
    }, 
    {
      "b": 49.69584764215, 
      "l": 5.516866582015, 
      "name": "", 
      "numOfAddr": 1, 
      "r": 5.516866582015, 
      "sanName": "", 
      "t": 49.69584764215
    }, 
    {
      "b": 49.695240622923, 
      "l": 5.518416418187, 
      "name": "", 
      "numOfAddr": 1, 
      "r": 5.518416418187, 
      "sanName": "", 
      "t": 49.695240622923
    }, 
    {
      "b": 49.69374710385, 
      "l": 5.520219907325, 
      "name": "", 
      "numOfAddr": 1, 
      "r": 5.520219907325, 
      "sanName": "", 
      "t": 49.69374710385
    }
  ]
}