{
  "streets": [
    {
      "b": 50.27947609686, 
      "l": 6.21846245446, 
      "name": "", 
      "numOfAddr": 1, 
      "r": 6.21846245446, 
      "sanName": "", 
      "t": 50.27947609686
    }
  ]
}