{
  "streets": [
    {
      "b": 50.306142077791, 
      "l": 4.447048535296, 
      "name": "", 
      "numOfAddr": 1, 
      "r": 4.447048535296, 
      "sanName": "", 
      "t": 50.306142077791
    }, 
    {
      "b": 50.304765561413, 
      "l": 4.454718962137, 
      "name": "", 
      "numOfAddr": 1, 
      "otherPCs": [
        "Thy-le-Ch\u00c3\u00a2teau"
      ], 
      "r": 4.454718962137, 
      "sanName": "", 
      "t": 50.304765561413
    }, 
    {
      "b": 50.301225474922, 
      "l": 4.442920061312, 
      "name": "", 
      "numOfAddr": 1, 
      "r": 4.442920061312, 
      "sanName": "", 
      "t": 50.301225474922
    }, 
    {
      "b": 50.304132180096, 
      "l": 4.438963820319, 
      "name": "", 
      "numOfAddr": 1, 
      "r": 4.438963820319, 
      "sanName": "", 
      "t": 50.304132180096
    }
  ]
}