{
  "streets": [
    {
      "b": 49.824797369281, 
      "l": 4.876672532423, 
      "name": "", 
      "numOfAddr": 1, 
      "r": 4.876672532423, 
      "sanName": "", 
      "t": 49.824797369281
    }, 
    {
      "b": 49.824051624836, 
      "l": 4.873589039716, 
      "name": "", 
      "numOfAddr": 1, 
      "r": 4.873589039716, 
      "sanName": "", 
      "t": 49.824051624836
    }, 
    {
      "b": 49.824341783431, 
      "l": 4.874348517138, 
      "name": "", 
      "numOfAddr": 1, 
      "r": 4.874348517138, 
      "sanName": "", 
      "t": 49.824341783431
    }, 
    {
      "b": 49.824466011651, 
      "l": 4.875762727607, 
      "name": "", 
      "numOfAddr": 1, 
      "r": 4.875762727607, 
      "sanName": "", 
      "t": 49.824466011651
    }
  ]
}