{
  "streets": [
    {
      "b": 49.953111751924, 
      "l": 5.618312726142, 
      "name": "", 
      "numOfAddr": 1, 
      "r": 5.618312726142, 
      "sanName": "", 
      "t": 49.953111751924
    }
  ]
}