{
  "streets": [
    {
      "b": 49.584147637374, 
      "l": 5.489840080039, 
      "name": "", 
      "numOfAddr": 1, 
      "r": 5.489840080039, 
      "sanName": "", 
      "t": 49.584147637374
    }
  ]
}