{
  "streets": [
    {
      "b": 50.072760664407, 
      "l": 5.610224340316, 
      "name": "", 
      "numOfAddr": 1, 
      "r": 5.610224340316, 
      "sanName": "", 
      "t": 50.072760664407
    }
  ]
}