{
  "streets": [
    {
      "b": 50.281641400937, 
      "l": 5.545558726869, 
      "name": "", 
      "numOfAddr": 1, 
      "r": 5.545558726869, 
      "sanName": "", 
      "t": 50.281641400937
    }, 
    {
      "b": 50.279805275668, 
      "l": 5.546531606304, 
      "name": "", 
      "numOfAddr": 1, 
      "r": 5.546531606304, 
      "sanName": "", 
      "t": 50.279805275668
    }, 
    {
      "b": 50.278538240352, 
      "l": 5.545633117097, 
      "name": "", 
      "numOfAddr": 1, 
      "r": 5.545633117097, 
      "sanName": "", 
      "t": 50.278538240352
    }
  ]
}