{
  "streets": [
    {
      "b": 50.702387478074, 
      "l": 5.858293907589, 
      "name": "", 
      "numOfAddr": 1, 
      "otherPCs": [
        "Aubel"
      ], 
      "r": 5.858293907589, 
      "sanName": "", 
      "t": 50.702387478074
    }
  ]
}