{
  "streets": [
    {
      "b": 49.845187956882, 
      "l": 5.529121125435, 
      "name": "", 
      "numOfAddr": 1, 
      "r": 5.529121125435, 
      "sanName": "", 
      "t": 49.845187956882
    }
  ]
}