{
  "streets": [
    {
      "b": 50.005169316564, 
      "l": 5.487320345171, 
      "name": "", 
      "numOfAddr": 1, 
      "r": 5.487320345171, 
      "sanName": "", 
      "t": 50.005169316564
    }
  ]
}