{
  "streets": [
    {
      "b": 49.823530317343, 
      "l": 5.052539222897, 
      "name": "", 
      "numOfAddr": 1, 
      "r": 5.052539222897, 
      "sanName": "", 
      "t": 49.823530317343
    }, 
    {
      "b": 49.822748059867, 
      "l": 5.049093775411, 
      "name": "", 
      "numOfAddr": 1, 
      "r": 5.049093775411, 
      "sanName": "", 
      "t": 49.822748059867
    }
  ]
}