{
  "streets": [
    {
      "b": 50.266169729949, 
      "l": 6.146421427022, 
      "name": "", 
      "numOfAddr": 1, 
      "r": 6.146421427022, 
      "sanName": "", 
      "t": 50.266169729949
    }
  ]
}