{
  "streets": [
    {
      "b": 50.179330522443, 
      "l": 5.142834673876, 
      "name": "", 
      "numOfAddr": 1, 
      "r": 5.142834673876, 
      "sanName": "", 
      "t": 50.179330522443
    }, 
    {
      "b": 50.179204069455, 
      "l": 5.144979005997, 
      "name": "", 
      "numOfAddr": 1, 
      "r": 5.144979005997, 
      "sanName": "", 
      "t": 50.179204069455
    }, 
    {
      "b": 50.181193445005, 
      "l": 5.143901702685, 
      "name": "", 
      "numOfAddr": 1, 
      "r": 5.143901702685, 
      "sanName": "", 
      "t": 50.181193445005
    }
  ]
}