{
  "streets": [
    {
      "b": 49.808908708587, 
      "l": 5.513824192253, 
      "name": "", 
      "numOfAddr": 1, 
      "r": 5.513824192253, 
      "sanName": "", 
      "t": 49.808908708587
    }
  ]
}