{
  "streets": [
    {
      "b": 49.892441945889, 
      "l": 5.662768454919, 
      "name": "", 
      "numOfAddr": 1, 
      "r": 5.662768454919, 
      "sanName": "", 
      "t": 49.892441945889
    }, 
    {
      "b": 49.892504752194, 
      "l": 5.658949686447, 
      "name": "", 
      "numOfAddr": 1, 
      "r": 5.658949686447, 
      "sanName": "", 
      "t": 49.892504752194
    }, 
    {
      "b": 49.890580712259, 
      "l": 5.660493717204, 
      "name": "", 
      "numOfAddr": 1, 
      "r": 5.660493717204, 
      "sanName": "", 
      "t": 49.890580712259
    }, 
    {
      "b": 49.890294867251, 
      "l": 5.659674369079, 
      "name": "", 
      "numOfAddr": 1, 
      "r": 5.659674369079, 
      "sanName": "", 
      "t": 49.890294867251
    }
  ]
}