{
  "streets": [
    {
      "b": 49.610086710802, 
      "l": 5.78638752889, 
      "name": "", 
      "numOfAddr": 1, 
      "r": 5.78638752889, 
      "sanName": "", 
      "t": 49.610086710802
    }, 
    {
      "b": 49.608961662725, 
      "l": 5.78298466067, 
      "name": "", 
      "numOfAddr": 1, 
      "r": 5.78298466067, 
      "sanName": "", 
      "t": 49.608961662725
    }, 
    {
      "b": 49.608633280598, 
      "l": 5.783242218563, 
      "name": "", 
      "numOfAddr": 1, 
      "r": 5.783242218563, 
      "sanName": "", 
      "t": 49.608633280598
    }, 
    {
      "b": 49.609798444823, 
      "l": 5.783772289289, 
      "name": "", 
      "numOfAddr": 1, 
      "r": 5.783772289289, 
      "sanName": "", 
      "t": 49.609798444823
    }
  ]
}