{
  "streets": [
    {
      "b": 50.090294967349, 
      "l": 5.65048721745, 
      "name": "", 
      "numOfAddr": 1, 
      "r": 5.65048721745, 
      "sanName": "", 
      "t": 50.090294967349
    }, 
    {
      "b": 50.086958528805, 
      "l": 5.646436000553, 
      "name": "", 
      "numOfAddr": 1, 
      "r": 5.646436000553, 
      "sanName": "", 
      "t": 50.086958528805
    }, 
    {
      "b": 50.088202852285, 
      "l": 5.655203103124, 
      "name": "", 
      "numOfAddr": 1, 
      "r": 5.655203103124, 
      "sanName": "", 
      "t": 50.088202852285
    }, 
    {
      "b": 50.090987961765, 
      "l": 5.647482284412, 
      "name": "", 
      "numOfAddr": 1, 
      "r": 5.647482284412, 
      "sanName": "", 
      "t": 50.090987961765
    }
  ]
}