{
  "streets": [
    {
      "b": 49.917995502213, 
      "l": 5.669008235697, 
      "name": "", 
      "numOfAddr": 1, 
      "r": 5.669008235697, 
      "sanName": "", 
      "t": 49.917995502213
    }
  ]
}