{
  "streets": [
    {
      "b": 49.986266311727, 
      "l": 5.619585943328, 
      "name": "", 
      "numOfAddr": 1, 
      "r": 5.619585943328, 
      "sanName": "", 
      "t": 49.986266311727
    }
  ]
}