{
  "streets": [
    {
      "b": 49.955871524524, 
      "l": 5.517307491996, 
      "name": "", 
      "numOfAddr": 1, 
      "r": 5.517307491996, 
      "sanName": "", 
      "t": 49.955871524524
    }, 
    {
      "b": 49.958311767956, 
      "l": 5.515372134088, 
      "name": "", 
      "numOfAddr": 1, 
      "otherPCs": [
        "Nimbermont"
      ], 
      "r": 5.515372134088, 
      "sanName": "", 
      "t": 49.958311767956
    }
  ]
}