{
  "streets": [
    {
      "b": 49.792670160456, 
      "l": 5.475902687635, 
      "name": "", 
      "numOfAddr": 1, 
      "r": 5.475902687635, 
      "sanName": "", 
      "t": 49.792670160456
    }
  ]
}