{
  "streets": [
    {
      "b": 50.591161373404, 
      "l": 5.441710505996, 
      "name": "", 
      "numOfAddr": 1, 
      "otherPCs": [
        "Fl\u00c3\u00a9malle-Haute"
      ], 
      "r": 5.441710505996, 
      "sanName": "", 
      "t": 50.591161373404
    }
  ]
}