{
  "streets": [
    {
      "b": 49.863999806746, 
      "l": 5.557146022253, 
      "name": "", 
      "numOfAddr": 1, 
      "r": 5.557146022253, 
      "sanName": "", 
      "t": 49.863999806746
    }, 
    {
      "b": 49.858831960624, 
      "l": 5.553281765888, 
      "name": "", 
      "numOfAddr": 1, 
      "r": 5.553281765888, 
      "sanName": "", 
      "t": 49.858831960624
    }, 
    {
      "b": 49.863420080585, 
      "l": 5.560517949667, 
      "name": "", 
      "numOfAddr": 1, 
      "r": 5.560517949667, 
      "sanName": "", 
      "t": 49.863420080585
    }, 
    {
      "b": 49.858994898002, 
      "l": 5.563831866658, 
      "name": "", 
      "numOfAddr": 1, 
      "r": 5.563831866658, 
      "sanName": "", 
      "t": 49.858994898002
    }
  ]
}