{
  "streets": [
    {
      "b": 49.660541555733, 
      "l": 5.865867354414, 
      "name": "", 
      "numOfAddr": 1, 
      "r": 5.865867354414, 
      "sanName": "", 
      "t": 49.660541555733
    }
  ]
}