{
  "streets": [
    {
      "b": 50.296162362101, 
      "l": 5.593993165515, 
      "name": "", 
      "numOfAddr": 1, 
      "r": 5.593993165515, 
      "sanName": "", 
      "t": 50.296162362101
    }, 
    {
      "b": 50.296004889544, 
      "l": 5.59118639972, 
      "name": "", 
      "numOfAddr": 1, 
      "r": 5.59118639972, 
      "sanName": "", 
      "t": 50.296004889544
    }, 
    {
      "b": 50.299183176521, 
      "l": 5.595991054258, 
      "name": "", 
      "numOfAddr": 1, 
      "r": 5.595991054258, 
      "sanName": "", 
      "t": 50.299183176521
    }
  ]
}