{
  "streets": [
    {
      "b": 49.951144704667, 
      "l": 5.670520163575, 
      "name": "", 
      "numOfAddr": 1, 
      "r": 5.670520163575, 
      "sanName": "", 
      "t": 49.951144704667
    }
  ]
}