{
  "streets": [
    {
      "b": 49.916259555807, 
      "l": 5.609049669279, 
      "name": "", 
      "numOfAddr": 1, 
      "r": 5.609049669279, 
      "sanName": "", 
      "t": 49.916259555807
    }, 
    {
      "b": 49.91508831615, 
      "l": 5.610746193296, 
      "name": "", 
      "numOfAddr": 1, 
      "r": 5.610746193296, 
      "sanName": "", 
      "t": 49.91508831615
    }
  ]
}