{
  "streets": [
    {
      "b": 49.864268493565, 
      "l": 4.998199549033, 
      "name": "", 
      "numOfAddr": 1, 
      "otherPCs": [
        "Oizy"
      ], 
      "r": 4.998199549033, 
      "sanName": "", 
      "t": 49.864268493565
    }
  ]
}