{
  "streets": [
    {
      "b": 49.815417818729, 
      "l": 5.085276148346, 
      "name": "", 
      "numOfAddr": 1, 
      "r": 5.085276148346, 
      "sanName": "", 
      "t": 49.815417818729
    }, 
    {
      "b": 49.813248905421, 
      "l": 5.084943913796, 
      "name": "", 
      "numOfAddr": 1, 
      "r": 5.084943913796, 
      "sanName": "", 
      "t": 49.813248905421
    }, 
    {
      "b": 49.811887833259, 
      "l": 5.081599872993, 
      "name": "", 
      "numOfAddr": 1, 
      "r": 5.081599872993, 
      "sanName": "", 
      "t": 49.811887833259
    }, 
    {
      "b": 49.813865888598, 
      "l": 5.084650436613, 
      "name": "", 
      "numOfAddr": 1, 
      "r": 5.084650436613, 
      "sanName": "", 
      "t": 49.813865888598
    }
  ]
}