{
  "streets": [
    {
      "b": 50.304009655811, 
      "l": 5.400107679588, 
      "name": "", 
      "numOfAddr": 1, 
      "r": 5.400107679588, 
      "sanName": "", 
      "t": 50.304009655811
    }, 
    {
      "b": 50.305924821215, 
      "l": 5.40065663713, 
      "name": "", 
      "numOfAddr": 1, 
      "r": 5.40065663713, 
      "sanName": "", 
      "t": 50.305924821215
    }, 
    {
      "b": 50.30498607842, 
      "l": 5.400817452905, 
      "name": "", 
      "numOfAddr": 1, 
      "r": 5.400817452905, 
      "sanName": "", 
      "t": 50.30498607842
    }
  ]
}