{
  "streets": [
    {
      "b": 50.24055930772, 
      "l": 5.557663525565, 
      "name": "", 
      "numOfAddr": 1, 
      "r": 5.557663525565, 
      "sanName": "", 
      "t": 50.24055930772
    }, 
    {
      "b": 50.240604541204, 
      "l": 5.558838485499, 
      "name": "", 
      "numOfAddr": 1, 
      "r": 5.558838485499, 
      "sanName": "", 
      "t": 50.240604541204
    }, 
    {
      "b": 50.241223642913, 
      "l": 5.557382283888, 
      "name": "", 
      "numOfAddr": 1, 
      "r": 5.557382283888, 
      "sanName": "", 
      "t": 50.241223642913
    }
  ]
}