{
  "streets": [
    {
      "b": 50.178694937342, 
      "l": 6.164686424998, 
      "name": "", 
      "numOfAddr": 1, 
      "r": 6.164686424998, 
      "sanName": "", 
      "t": 50.178694937342
    }
  ]
}