{
  "streets": [
    {
      "b": 49.618646837985, 
      "l": 5.808324267166, 
      "name": "", 
      "numOfAddr": 1, 
      "r": 5.808324267166, 
      "sanName": "", 
      "t": 49.618646837985
    }, 
    {
      "b": 49.616722381538, 
      "l": 5.812624501345, 
      "name": "", 
      "numOfAddr": 1, 
      "otherPCs": [
        "Turpange"
      ], 
      "r": 5.812624501345, 
      "sanName": "", 
      "t": 49.616722381538
    }, 
    {
      "b": 49.622300545753, 
      "l": 5.807642105925, 
      "name": "", 
      "numOfAddr": 1, 
      "otherPCs": [
        "Buvange", 
        "Wolkrange"
      ], 
      "r": 5.807642105925, 
      "sanName": "", 
      "t": 49.622300545753
    }, 
    {
      "b": 49.615554436572, 
      "l": 5.802022940524, 
      "name": "", 
      "numOfAddr": 1, 
      "r": 5.802022940524, 
      "sanName": "", 
      "t": 49.615554436572
    }
  ]
}