{
  "streets": [
    {
      "b": 50.207035317577, 
      "l": 4.808812818389, 
      "name": "", 
      "numOfAddr": 1, 
      "r": 4.808812818389, 
      "sanName": "", 
      "t": 50.207035317577
    }, 
    {
      "b": 50.209655874927, 
      "l": 4.814651456936, 
      "name": "", 
      "numOfAddr": 1, 
      "r": 4.814651456936, 
      "sanName": "", 
      "t": 50.209655874927
    }, 
    {
      "b": 50.209830531536, 
      "l": 4.810026260615, 
      "name": "", 
      "numOfAddr": 1, 
      "r": 4.810026260615, 
      "sanName": "", 
      "t": 50.209830531536
    }
  ]
}