{
  "streets": [
    {
      "b": 50.212885028443, 
      "l": 4.830471227924, 
      "name": "", 
      "numOfAddr": 1, 
      "r": 4.830471227924, 
      "sanName": "", 
      "t": 50.212885028443
    }
  ]
}