{
  "streets": [
    {
      "b": 50.216189172281, 
      "l": 4.811384689617, 
      "name": "", 
      "numOfAddr": 1, 
      "r": 4.811384689617, 
      "sanName": "", 
      "t": 50.216189172281
    }
  ]
}