{
  "streets": [
    {
      "b": 50.550921893502, 
      "l": 5.434074456319, 
      "name": "", 
      "numOfAddr": 1, 
      "r": 5.434074456319, 
      "sanName": "", 
      "t": 50.550921893502
    }, 
    {
      "b": 50.547460063907, 
      "l": 5.44616263441, 
      "name": "", 
      "numOfAddr": 1, 
      "otherPCs": [
        "Neuville-en-Condroz"
      ], 
      "r": 5.44616263441, 
      "sanName": "", 
      "t": 50.547460063907
    }, 
    {
      "b": 50.581221156716, 
      "l": 5.414168208215, 
      "name": "", 
      "numOfAddr": 1, 
      "r": 5.414168208215, 
      "sanName": "", 
      "t": 50.581221156716
    }, 
    {
      "b": 50.552537580168, 
      "l": 5.431033031969, 
      "name": "", 
      "numOfAddr": 1, 
      "r": 5.431033031969, 
      "sanName": "", 
      "t": 50.552537580168
    }
  ]
}