{
  "streets": [
    {
      "b": 50.564165800195, 
      "l": 5.413408706166, 
      "name": "", 
      "numOfAddr": 1, 
      "r": 5.413408706166, 
      "sanName": "", 
      "t": 50.564165800195
    }, 
    {
      "b": 50.557000860631, 
      "l": 5.420419330796, 
      "name": "", 
      "numOfAddr": 1, 
      "r": 5.420419330796, 
      "sanName": "", 
      "t": 50.557000860631
    }, 
    {
      "b": 50.572400607565, 
      "l": 5.397887414728, 
      "name": "", 
      "numOfAddr": 1, 
      "r": 5.397887414728, 
      "sanName": "", 
      "t": 50.572400607565
    }
  ]
}