{
  "streets": [
    {
      "b": 50.202150305711, 
      "l": 6.053501517188, 
      "name": "", 
      "numOfAddr": 1, 
      "r": 6.053501517188, 
      "sanName": "", 
      "t": 50.202150305711
    }, 
    {
      "b": 50.201578446271, 
      "l": 6.053453889421, 
      "name": "", 
      "numOfAddr": 1, 
      "r": 6.053453889421, 
      "sanName": "", 
      "t": 50.201578446271
    }, 
    {
      "b": 50.206523652738, 
      "l": 6.06117443766, 
      "name": "", 
      "numOfAddr": 1, 
      "otherPCs": [
        "Thommen"
      ], 
      "r": 6.06117443766, 
      "sanName": "", 
      "t": 50.206523652738
    }
  ]
}