{
  "streets": [
    {
      "b": 50.66487679242, 
      "l": 3.348783870503, 
      "name": "", 
      "numOfAddr": 1, 
      "r": 3.348783870503, 
      "sanName": "", 
      "t": 50.66487679242
    }, 
    {
      "b": 50.660876538182, 
      "l": 3.339186246627, 
      "name": "", 
      "numOfAddr": 1, 
      "otherPCs": [
        "Pecq"
      ], 
      "r": 3.339186246627, 
      "sanName": "", 
      "t": 50.660876538182
    }, 
    {
      "b": 50.663362489588, 
      "l": 3.346299936403, 
      "name": "", 
      "numOfAddr": 1, 
      "r": 3.346299936403, 
      "sanName": "", 
      "t": 50.663362489588
    }, 
    {
      "b": 50.673209539185, 
      "l": 3.343771231589, 
      "name": "", 
      "numOfAddr": 1, 
      "r": 3.343771231589, 
      "sanName": "", 
      "t": 50.673209539185
    }
  ]
}