{
  "streets": [
    {
      "b": 50.316633411038, 
      "l": 5.556339242879, 
      "name": "", 
      "numOfAddr": 1, 
      "r": 5.556339242879, 
      "sanName": "", 
      "t": 50.316633411038
    }, 
    {
      "b": 50.317404200392, 
      "l": 5.556446053842, 
      "name": "", 
      "numOfAddr": 1, 
      "r": 5.556446053842, 
      "sanName": "", 
      "t": 50.317404200392
    }
  ]
}