{
  "streets": [
    {
      "b": 50.655742248583, 
      "l": 5.264492747492, 
      "name": "", 
      "numOfAddr": 1, 
      "otherPCs": [
        "Aineffe", 
        "Viemme"
      ], 
      "r": 5.264492747492, 
      "sanName": "", 
      "t": 50.655742248583
    }
  ]
}