{
  "streets": [
    {
      "b": 50.213187539781, 
      "l": 4.8145332419, 
      "name": "", 
      "numOfAddr": 1, 
      "r": 4.8145332419, 
      "sanName": "", 
      "t": 50.213187539781
    }
  ]
}