{
  "streets": [
    {
      "b": 50.255538351328, 
      "l": 5.597676252295, 
      "name": "", 
      "numOfAddr": 1, 
      "r": 5.597676252295, 
      "sanName": "", 
      "t": 50.255538351328
    }
  ]
}