{
  "streets": [
    {
      "b": 50.220557532915, 
      "l": 5.169303541001, 
      "name": "", 
      "numOfAddr": 1, 
      "otherPCs": [
        "Buissonville"
      ], 
      "r": 5.169303541001, 
      "sanName": "", 
      "t": 50.220557532915
    }, 
    {
      "b": 50.220591358809, 
      "l": 5.170296141452, 
      "name": "", 
      "numOfAddr": 1, 
      "r": 5.170296141452, 
      "sanName": "", 
      "t": 50.220591358809
    }, 
    {
      "b": 50.223389415879, 
      "l": 5.172198918073, 
      "name": "", 
      "numOfAddr": 1, 
      "r": 5.172198918073, 
      "sanName": "", 
      "t": 50.223389415879
    }
  ]
}