{
  "streets": [
    {
      "b": 49.835071449663, 
      "l": 5.001255119845, 
      "name": "", 
      "numOfAddr": 1, 
      "r": 5.001255119845, 
      "sanName": "", 
      "t": 49.835071449663
    }, 
    {
      "b": 49.82776887534, 
      "l": 5.000376334098, 
      "name": "", 
      "numOfAddr": 1, 
      "r": 5.000376334098, 
      "sanName": "", 
      "t": 49.82776887534
    }
  ]
}