{
  "streets": [
    {
      "b": 50.680177932331, 
      "l": 5.40764600831, 
      "name": "", 
      "numOfAddr": 1, 
      "r": 5.40764600831, 
      "sanName": "", 
      "t": 50.680177932331
    }, 
    {
      "b": 50.679993904084, 
      "l": 5.406415924378, 
      "name": "", 
      "numOfAddr": 1, 
      "r": 5.406415924378, 
      "sanName": "", 
      "t": 50.679993904084
    }, 
    {
      "b": 50.688173417029, 
      "l": 5.395023202456, 
      "name": "", 
      "numOfAddr": 1, 
      "otherPCs": [
        "Noville"
      ], 
      "r": 5.395023202456, 
      "sanName": "", 
      "t": 50.688173417029
    }, 
    {
      "b": 50.680973727171, 
      "l": 5.393432744908, 
      "name": "", 
      "numOfAddr": 1, 
      "r": 5.393432744908, 
      "sanName": "", 
      "t": 50.680973727171
    }
  ]
}