{
  "streets": [
    {
      "b": 49.692316147689, 
      "l": 5.450321364259, 
      "name": "", 
      "numOfAddr": 1, 
      "r": 5.450321364259, 
      "sanName": "", 
      "t": 49.692316147689
    }, 
    {
      "b": 49.691137060192, 
      "l": 5.450878115221, 
      "name": "", 
      "numOfAddr": 1, 
      "r": 5.450878115221, 
      "sanName": "", 
      "t": 49.691137060192
    }, 
    {
      "b": 49.691750450844, 
      "l": 5.448495458269, 
      "name": "", 
      "numOfAddr": 1, 
      "r": 5.448495458269, 
      "sanName": "", 
      "t": 49.691750450844
    }
  ]
}