{
  "streets": [
    {
      "b": 50.046901748291, 
      "l": 5.627524973926, 
      "name": "", 
      "numOfAddr": 1, 
      "r": 5.627524973926, 
      "sanName": "", 
      "t": 50.046901748291
    }, 
    {
      "b": 50.049195329543, 
      "l": 5.630324754986, 
      "name": "", 
      "numOfAddr": 1, 
      "r": 5.630324754986, 
      "sanName": "", 
      "t": 50.049195329543
    }, 
    {
      "b": 50.049440246904, 
      "l": 5.627399334301, 
      "name": "", 
      "numOfAddr": 1, 
      "r": 5.627399334301, 
      "sanName": "", 
      "t": 50.049440246904
    }
  ]
}