{
  "streets": [
    {
      "b": 50.210087271383, 
      "l": 4.991708382127, 
      "name": "", 
      "numOfAddr": 1, 
      "r": 4.991708382127, 
      "sanName": "", 
      "t": 50.210087271383
    }, 
    {
      "b": 50.210425460847, 
      "l": 4.987822416591, 
      "name": "", 
      "numOfAddr": 1, 
      "otherPCs": [
        ""
      ], 
      "r": 4.987822416591, 
      "sanName": "", 
      "t": 50.210425460847
    }, 
    {
      "b": 50.208516268029, 
      "l": 4.991597772912, 
      "name": "", 
      "numOfAddr": 1, 
      "r": 4.991597772912, 
      "sanName": "", 
      "t": 50.208516268029
    }
  ]
}