{
  "streets": [
    {
      "b": 50.245616535331, 
      "l": 4.412669213958, 
      "name": "", 
      "numOfAddr": 1, 
      "r": 4.412669213958, 
      "sanName": "", 
      "t": 50.245616535331
    }, 
    {
      "b": 50.23424598054, 
      "l": 4.422246248486, 
      "name": "", 
      "numOfAddr": 1, 
      "r": 4.422246248486, 
      "sanName": "", 
      "t": 50.23424598054
    }
  ]
}