{
  "streets": [
    {
      "b": 49.959314764095, 
      "l": 5.244555673532, 
      "name": "", 
      "numOfAddr": 1, 
      "r": 5.244555673532, 
      "sanName": "", 
      "t": 49.959314764095
    }, 
    {
      "b": 49.958604655986, 
      "l": 5.244828863118, 
      "name": "", 
      "numOfAddr": 1, 
      "r": 5.244828863118, 
      "sanName": "", 
      "t": 49.958604655986
    }, 
    {
      "b": 49.958947477835, 
      "l": 5.246775021331, 
      "name": "", 
      "numOfAddr": 1, 
      "r": 5.246775021331, 
      "sanName": "", 
      "t": 49.958947477835
    }, 
    {
      "b": 49.958841254883, 
      "l": 5.253196845814, 
      "name": "", 
      "numOfAddr": 1, 
      "r": 5.253196845814, 
      "sanName": "", 
      "t": 49.958841254883
    }
  ]
}