{
  "streets": [
    {
      "b": 49.870549023527, 
      "l": 5.211804827436, 
      "name": "", 
      "numOfAddr": 1, 
      "r": 5.211804827436, 
      "sanName": "", 
      "t": 49.870549023527
    }
  ]
}