{
  "streets": [
    {
      "b": 49.563659939736, 
      "l": 5.593377312344, 
      "name": "", 
      "numOfAddr": 1, 
      "r": 5.593377312344, 
      "sanName": "", 
      "t": 49.563659939736
    }, 
    {
      "b": 49.563674023441, 
      "l": 5.593051174576, 
      "name": "", 
      "numOfAddr": 1, 
      "r": 5.593051174576, 
      "sanName": "", 
      "t": 49.563674023441
    }, 
    {
      "b": 49.563923831883, 
      "l": 5.594821890938, 
      "name": "", 
      "numOfAddr": 1, 
      "r": 5.594821890938, 
      "sanName": "", 
      "t": 49.563923831883
    }, 
    {
      "b": 49.562607227545, 
      "l": 5.594812154084, 
      "name": "", 
      "numOfAddr": 1, 
      "r": 5.594812154084, 
      "sanName": "", 
      "t": 49.562607227545
    }
  ]
}