{
  "streets": [
    {
      "b": 49.93583369656, 
      "l": 5.66996314229, 
      "name": "", 
      "numOfAddr": 1, 
      "r": 5.66996314229, 
      "sanName": "", 
      "t": 49.93583369656
    }
  ]
}