{
  "streets": [
    {
      "b": 50.043991965849, 
      "l": 5.638118668373, 
      "name": "", 
      "numOfAddr": 1, 
      "r": 5.638118668373, 
      "sanName": "", 
      "t": 50.043991965849
    }
  ]
}