{
  "streets": [
    {
      "b": 49.821110212959, 
      "l": 5.406012220759, 
      "name": "", 
      "numOfAddr": 1, 
      "r": 5.406012220759, 
      "sanName": "", 
      "t": 49.821110212959
    }, 
    {
      "b": 49.824893834033, 
      "l": 5.377691552227, 
      "name": "", 
      "numOfAddr": 1, 
      "r": 5.377691552227, 
      "sanName": "", 
      "t": 49.824893834033
    }, 
    {
      "b": 49.821634129885, 
      "l": 5.408320135595, 
      "name": "", 
      "numOfAddr": 1, 
      "r": 5.408320135595, 
      "sanName": "", 
      "t": 49.821634129885
    }, 
    {
      "b": 49.820711139144, 
      "l": 5.405896268148, 
      "name": "", 
      "numOfAddr": 1, 
      "r": 5.405896268148, 
      "sanName": "", 
      "t": 49.820711139144
    }
  ]
}