{
  "streets": [
    {
      "b": 49.754083048895, 
      "l": 5.804198308732, 
      "name": "", 
      "numOfAddr": 1, 
      "r": 5.804198308732, 
      "sanName": "", 
      "t": 49.754083048895
    }, 
    {
      "b": 49.754556837453, 
      "l": 5.805651792426, 
      "name": "", 
      "numOfAddr": 1, 
      "r": 5.805651792426, 
      "sanName": "", 
      "t": 49.754556837453
    }, 
    {
      "b": 49.75412416357, 
      "l": 5.808102600466, 
      "name": "", 
      "numOfAddr": 1, 
      "r": 5.808102600466, 
      "sanName": "", 
      "t": 49.75412416357
    }
  ]
}