{
  "streets": [
    {
      "b": 49.870311332748, 
      "l": 4.984280037812, 
      "name": "", 
      "numOfAddr": 1, 
      "r": 4.984280037812, 
      "sanName": "", 
      "t": 49.870311332748
    }
  ]
}