{
  "streets": [
    {
      "b": 50.632257966243, 
      "l": 5.47621397752, 
      "name": "", 
      "numOfAddr": 1, 
      "otherPCs": [
        "Hollogne-aux-Pierres"
      ], 
      "r": 5.47621397752, 
      "sanName": "", 
      "t": 50.632257966243
    }
  ]
}