{
  "streets": [
    {
      "b": 50.072483265194, 
      "l": 5.542579480607, 
      "name": "", 
      "numOfAddr": 1, 
      "r": 5.542579480607, 
      "sanName": "", 
      "t": 50.072483265194
    }
  ]
}