{
  "streets": [
    {
      "b": 50.122581920444, 
      "l": 5.121115709294, 
      "name": "", 
      "numOfAddr": 1, 
      "r": 5.121115709294, 
      "sanName": "", 
      "t": 50.122581920444
    }, 
    {
      "b": 50.120787259548, 
      "l": 5.111539486813, 
      "name": "", 
      "numOfAddr": 1, 
      "r": 5.111539486813, 
      "sanName": "", 
      "t": 50.120787259548
    }
  ]
}