{
  "streets": [
    {
      "b": 50.172737091114, 
      "l": 5.478112935433, 
      "name": "", 
      "numOfAddr": 1, 
      "r": 5.478112935433, 
      "sanName": "", 
      "t": 50.172737091114
    }, 
    {
      "b": 50.187248252274, 
      "l": 5.482734926293, 
      "name": "", 
      "numOfAddr": 1, 
      "r": 5.482734926293, 
      "sanName": "", 
      "t": 50.187248252274
    }, 
    {
      "b": 50.178690598959, 
      "l": 5.480928663953, 
      "name": "", 
      "numOfAddr": 1, 
      "r": 5.480928663953, 
      "sanName": "", 
      "t": 50.178690598959
    }, 
    {
      "b": 50.178681397614, 
      "l": 5.480078557996, 
      "name": "", 
      "numOfAddr": 1, 
      "r": 5.480078557996, 
      "sanName": "", 
      "t": 50.178681397614
    }
  ]
}