{
  "streets": [
    {
      "b": 49.798736864411, 
      "l": 5.483815188114, 
      "name": "", 
      "numOfAddr": 1, 
      "r": 5.483815188114, 
      "sanName": "", 
      "t": 49.798736864411
    }
  ]
}