{
  "streets": [
    {
      "b": 50.171768906775, 
      "l": 5.501448771443, 
      "name": "", 
      "numOfAddr": 1, 
      "r": 5.501448771443, 
      "sanName": "", 
      "t": 50.171768906775
    }, 
    {
      "b": 50.175978655543, 
      "l": 5.517657363418, 
      "name": "", 
      "numOfAddr": 1, 
      "r": 5.517657363418, 
      "sanName": "", 
      "t": 50.175978655543
    }
  ]
}