{
  "streets": [
    {
      "b": 50.583439814435, 
      "l": 4.969406005233, 
      "name": "", 
      "numOfAddr": 1, 
      "otherPCs": [
        "Cortil-Wodon"
      ], 
      "r": 4.969406005233, 
      "sanName": "", 
      "t": 50.583439814435
    }
  ]
}