{
  "streets": [
    {
      "b": 50.247794399745, 
      "l": 5.494313013018, 
      "name": "", 
      "numOfAddr": 1, 
      "r": 5.494313013018, 
      "sanName": "", 
      "t": 50.247794399745
    }
  ]
}