{
  "streets": [
    {
      "b": 49.70896840082, 
      "l": 5.533283590288, 
      "name": "", 
      "numOfAddr": 1, 
      "r": 5.533283590288, 
      "sanName": "", 
      "t": 49.70896840082
    }, 
    {
      "b": 49.709569228021, 
      "l": 5.532901655048, 
      "name": "", 
      "numOfAddr": 1, 
      "r": 5.532901655048, 
      "sanName": "", 
      "t": 49.709569228021
    }, 
    {
      "b": 49.707160389349, 
      "l": 5.534740114061, 
      "name": "", 
      "numOfAddr": 1, 
      "r": 5.534740114061, 
      "sanName": "", 
      "t": 49.707160389349
    }
  ]
}