{
  "streets": [
    {
      "b": 49.713939467173, 
      "l": 5.878620508479, 
      "name": "", 
      "numOfAddr": 1, 
      "r": 5.878620508479, 
      "sanName": "", 
      "t": 49.713939467173
    }, 
    {
      "b": 49.710156136027, 
      "l": 5.865698978953, 
      "name": "", 
      "numOfAddr": 1, 
      "r": 5.865698978953, 
      "sanName": "", 
      "t": 49.710156136027
    }
  ]
}