{
  "streets": [
    {
      "b": 50.288418317936, 
      "l": 6.237028191025, 
      "name": "", 
      "numOfAddr": 1, 
      "r": 6.237028191025, 
      "sanName": "", 
      "t": 50.288418317936
    }
  ]
}