{
  "streets": [
    {
      "b": 50.663055310145, 
      "l": 5.702438051272, 
      "name": "", 
      "numOfAddr": 1, 
      "otherPCs": [
        "Barchon"
      ], 
      "r": 5.702438051272, 
      "sanName": "", 
      "t": 50.663055310145
    }, 
    {
      "b": 50.663071500333, 
      "l": 5.701677788247, 
      "name": "", 
      "numOfAddr": 1, 
      "otherPCs": [
        "Barchon"
      ], 
      "r": 5.701677788247, 
      "sanName": "", 
      "t": 50.663071500333
    }
  ]
}