{
  "streets": [
    {
      "b": 49.966218358096, 
      "l": 5.679422581053, 
      "name": "", 
      "numOfAddr": 1, 
      "otherPCs": [
        "Assenois"
      ], 
      "r": 5.679422581053, 
      "sanName": "", 
      "t": 49.966218358096
    }, 
    {
      "b": 49.944311983092, 
      "l": 5.686309205618, 
      "name": "", 
      "numOfAddr": 1, 
      "r": 5.686309205618, 
      "sanName": "", 
      "t": 49.944311983092
    }
  ]
}