{
  "streets": [
    {
      "b": 49.814959774196, 
      "l": 5.421799826553, 
      "name": "", 
      "numOfAddr": 1, 
      "r": 5.421799826553, 
      "sanName": "", 
      "t": 49.814959774196
    }
  ]
}