{
  "streets": [
    {
      "b": 50.291650038785, 
      "l": 4.897558869052, 
      "name": "", 
      "numOfAddr": 1, 
      "r": 4.897558869052, 
      "sanName": "", 
      "t": 50.291650038785
    }, 
    {
      "b": 50.303305662592, 
      "l": 4.899331178073, 
      "name": "", 
      "numOfAddr": 1, 
      "r": 4.899331178073, 
      "sanName": "", 
      "t": 50.303305662592
    }, 
    {
      "b": 50.295354407216, 
      "l": 4.899140598516, 
      "name": "", 
      "numOfAddr": 1, 
      "r": 4.899140598516, 
      "sanName": "", 
      "t": 50.295354407216
    }, 
    {
      "b": 50.303720453467, 
      "l": 4.897384169633, 
      "name": "", 
      "numOfAddr": 1, 
      "r": 4.897384169633, 
      "sanName": "", 
      "t": 50.303720453467
    }
  ]
}