{
  "streets": [
    {
      "b": 50.506500477066, 
      "l": 3.354113969614, 
      "name": "", 
      "numOfAddr": 1, 
      "r": 3.354113969614, 
      "sanName": "", 
      "t": 50.506500477066
    }, 
    {
      "b": 50.508585838101, 
      "l": 3.338230355288, 
      "name": "", 
      "numOfAddr": 1, 
      "r": 3.338230355288, 
      "sanName": "", 
      "t": 50.508585838101
    }, 
    {
      "b": 50.517052724242, 
      "l": 3.379351198191, 
      "name": "", 
      "numOfAddr": 1, 
      "r": 3.379351198191, 
      "sanName": "", 
      "t": 50.517052724242
    }, 
    {
      "b": 50.505921541396, 
      "l": 3.358719192278, 
      "name": "", 
      "numOfAddr": 1, 
      "r": 3.358719192278, 
      "sanName": "", 
      "t": 50.505921541396
    }
  ]
}