{
  "streets": [
    {
      "b": 50.456040283057, 
      "l": 5.192880286271, 
      "name": "", 
      "numOfAddr": 1, 
      "otherPCs": [
        "Goesnes"
      ], 
      "r": 5.192880286271, 
      "sanName": "", 
      "t": 50.456040283057
    }, 
    {
      "b": 50.439660303958, 
      "l": 5.177434387461, 
      "name": "", 
      "numOfAddr": 1, 
      "r": 5.177434387461, 
      "sanName": "", 
      "t": 50.439660303958
    }, 
    {
      "b": 50.445722750735, 
      "l": 5.193029239544, 
      "name": "", 
      "numOfAddr": 1, 
      "r": 5.193029239544, 
      "sanName": "", 
      "t": 50.445722750735
    }, 
    {
      "b": 50.441923240125, 
      "l": 5.18069067611, 
      "name": "", 
      "numOfAddr": 1, 
      "r": 5.18069067611, 
      "sanName": "", 
      "t": 50.441923240125
    }
  ]
}