{
  "streets": [
    {
      "b": 50.165225165629, 
      "l": 5.118560802567, 
      "name": "", 
      "numOfAddr": 1, 
      "r": 5.118560802567, 
      "sanName": "", 
      "t": 50.165225165629
    }, 
    {
      "b": 50.163126325865, 
      "l": 5.131266055356, 
      "name": "", 
      "numOfAddr": 1, 
      "r": 5.131266055356, 
      "sanName": "", 
      "t": 50.163126325865
    }, 
    {
      "b": 50.161937141345, 
      "l": 5.12732762566, 
      "name": "", 
      "numOfAddr": 1, 
      "r": 5.12732762566, 
      "sanName": "", 
      "t": 50.161937141345
    }
  ]
}