{
  "streets": [
    {
      "b": 50.293592849836, 
      "l": 5.76678311288, 
      "name": "", 
      "numOfAddr": 1, 
      "r": 5.76678311288, 
      "sanName": "", 
      "t": 50.293592849836
    }, 
    {
      "b": 50.291129361808, 
      "l": 5.761655642164, 
      "name": "", 
      "numOfAddr": 1, 
      "r": 5.761655642164, 
      "sanName": "", 
      "t": 50.291129361808
    }, 
    {
      "b": 50.298885613428, 
      "l": 5.761084017744, 
      "name": "", 
      "numOfAddr": 1, 
      "r": 5.761084017744, 
      "sanName": "", 
      "t": 50.298885613428
    }, 
    {
      "b": 50.292154594394, 
      "l": 5.770261173247, 
      "name": "", 
      "numOfAddr": 1, 
      "otherPCs": [
        "Lierneux"
      ], 
      "r": 5.770261173247, 
      "sanName": "", 
      "t": 50.292154594394
    }
  ]
}