{
  "streets": [
    {
      "b": 49.967993913604, 
      "l": 5.612721129148, 
      "name": "", 
      "numOfAddr": 1, 
      "r": 5.612721129148, 
      "sanName": "", 
      "t": 49.967993913604
    }
  ]
}