{
  "streets": [
    {
      "b": 50.212105674841, 
      "l": 6.107675275116, 
      "name": "", 
      "numOfAddr": 1, 
      "r": 6.107675275116, 
      "sanName": "", 
      "t": 50.212105674841
    }
  ]
}