{
  "streets": [
    {
      "b": 50.519921781859, 
      "l": 6.195772154236, 
      "name": "", 
      "numOfAddr": 1, 
      "r": 6.195772154236, 
      "sanName": "", 
      "t": 50.519921781859
    }, 
    {
      "b": 50.518769111226, 
      "l": 6.202943948477, 
      "name": "", 
      "numOfAddr": 1, 
      "r": 6.202943948477, 
      "sanName": "", 
      "t": 50.518769111226
    }, 
    {
      "b": 50.519828165395, 
      "l": 6.20225656571, 
      "name": "", 
      "numOfAddr": 1, 
      "r": 6.20225656571, 
      "sanName": "", 
      "t": 50.519828165395
    }
  ]
}