{
  "streets": [
    {
      "b": 50.077899484541, 
      "l": 5.560897570252, 
      "name": "", 
      "numOfAddr": 1, 
      "r": 5.560897570252, 
      "sanName": "", 
      "t": 50.077899484541
    }
  ]
}