{
  "streets": [
    {
      "b": 50.681636906601, 
      "l": 5.910982648286, 
      "name": "", 
      "numOfAddr": 1, 
      "r": 5.910982648286, 
      "sanName": "", 
      "t": 50.681636906601
    }, 
    {
      "b": 50.699371704492, 
      "l": 5.887568111096, 
      "name": "", 
      "numOfAddr": 1, 
      "r": 5.887568111096, 
      "sanName": "", 
      "t": 50.699371704492
    }, 
    {
      "b": 50.691873646959, 
      "l": 5.898724270165, 
      "name": "", 
      "numOfAddr": 1, 
      "r": 5.898724270165, 
      "sanName": "", 
      "t": 50.691873646959
    }
  ]
}