{
  "streets": [
    {
      "b": 49.862841671649, 
      "l": 4.930691092504, 
      "name": "", 
      "numOfAddr": 1, 
      "r": 4.930691092504, 
      "sanName": "", 
      "t": 49.862841671649
    }, 
    {
      "b": 49.862915784766, 
      "l": 4.929956163891, 
      "name": "", 
      "numOfAddr": 1, 
      "otherPCs": [
        "Vresse"
      ], 
      "r": 4.929956163891, 
      "sanName": "", 
      "t": 49.862915784766
    }, 
    {
      "b": 49.862167610908, 
      "l": 4.923851366866, 
      "name": "", 
      "numOfAddr": 1, 
      "r": 4.923851366866, 
      "sanName": "", 
      "t": 49.862167610908
    }
  ]
}