{
  "streets": [
    {
      "b": 50.298093454899, 
      "l": 5.768697942151, 
      "name": "", 
      "numOfAddr": 1, 
      "otherPCs": [
        "Lierneux"
      ], 
      "r": 5.768697942151, 
      "sanName": "", 
      "t": 50.298093454899
    }
  ]
}