{
  "streets": [
    {
      "b": 49.986662871072, 
      "l": 5.592381157406, 
      "name": "", 
      "numOfAddr": 1, 
      "r": 5.592381157406, 
      "sanName": "", 
      "t": 49.986662871072
    }
  ]
}