{
  "streets": [
    {
      "b": 49.798947683276, 
      "l": 5.501429899114, 
      "name": "", 
      "numOfAddr": 1, 
      "r": 5.501429899114, 
      "sanName": "", 
      "t": 49.798947683276
    }
  ]
}