{
  "streets": [
    {
      "b": 49.817547041395, 
      "l": 5.449999871029, 
      "name": "", 
      "numOfAddr": 1, 
      "r": 5.449999871029, 
      "sanName": "", 
      "t": 49.817547041395
    }
  ]
}