{
  "streets": [
    {
      "b": 50.260696691442, 
      "l": 5.129498816821, 
      "name": "", 
      "numOfAddr": 1, 
      "r": 5.129498816821, 
      "sanName": "", 
      "t": 50.260696691442
    }, 
    {
      "b": 50.262548184999, 
      "l": 5.135854270975, 
      "name": "", 
      "numOfAddr": 1, 
      "otherPCs": [
        "Leignon"
      ], 
      "r": 5.135854270975, 
      "sanName": "", 
      "t": 50.262548184999
    }
  ]
}