{
  "streets": [
    {
      "b": 49.672692655056, 
      "l": 5.610863459299, 
      "name": "", 
      "numOfAddr": 1, 
      "r": 5.610863459299, 
      "sanName": "", 
      "t": 49.672692655056
    }
  ]
}