{
  "streets": [
    {
      "b": 50.205823265447, 
      "l": 4.80865878496, 
      "name": "", 
      "numOfAddr": 1, 
      "r": 4.80865878496, 
      "sanName": "", 
      "t": 50.205823265447
    }
  ]
}