{
  "streets": [
    {
      "b": 50.205228113635, 
      "l": 4.809871551686, 
      "name": "", 
      "numOfAddr": 1, 
      "r": 4.809871551686, 
      "sanName": "", 
      "t": 50.205228113635
    }
  ]
}