{
  "streets": [
    {
      "b": 49.878153099676, 
      "l": 5.570285786382, 
      "name": "", 
      "numOfAddr": 1, 
      "r": 5.570285786382, 
      "sanName": "", 
      "t": 49.878153099676
    }, 
    {
      "b": 49.879743815972, 
      "l": 5.562255871446, 
      "name": "", 
      "numOfAddr": 1, 
      "r": 5.562255871446, 
      "sanName": "", 
      "t": 49.879743815972
    }, 
    {
      "b": 49.877058667925, 
      "l": 5.56653158997, 
      "name": "", 
      "numOfAddr": 1, 
      "r": 5.56653158997, 
      "sanName": "", 
      "t": 49.877058667925
    }, 
    {
      "b": 49.875339061683, 
      "l": 5.565358011359, 
      "name": "", 
      "numOfAddr": 1, 
      "r": 5.565358011359, 
      "sanName": "", 
      "t": 49.875339061683
    }
  ]
}