{
  "streets": [
    {
      "b": 50.51418969605, 
      "l": 6.208686793675, 
      "name": "", 
      "numOfAddr": 1, 
      "r": 6.208686793675, 
      "sanName": "", 
      "t": 50.51418969605
    }, 
    {
      "b": 50.512441136398, 
      "l": 6.205875601086, 
      "name": "", 
      "numOfAddr": 1, 
      "r": 6.205875601086, 
      "sanName": "", 
      "t": 50.512441136398
    }, 
    {
      "b": 50.515333954459, 
      "l": 6.207549417621, 
      "name": "", 
      "numOfAddr": 1, 
      "r": 6.207549417621, 
      "sanName": "", 
      "t": 50.515333954459
    }
  ]
}