{
  "streets": [
    {
      "b": 50.258609324028, 
      "l": 5.038922933861, 
      "name": "", 
      "numOfAddr": 1, 
      "r": 5.038922933861, 
      "sanName": "", 
      "t": 50.258609324028
    }
  ]
}