{
  "streets": [
    {
      "b": 49.944739013258, 
      "l": 5.709890136327, 
      "name": "", 
      "numOfAddr": 1, 
      "r": 5.709890136327, 
      "sanName": "", 
      "t": 49.944739013258
    }
  ]
}