{
  "streets": [
    {
      "b": 50.227328562502, 
      "l": 4.792531933159, 
      "name": "", 
      "numOfAddr": 1, 
      "r": 4.792531933159, 
      "sanName": "", 
      "t": 50.227328562502
    }
  ]
}