{
  "streets": [
    {
      "b": 50.254559616862, 
      "l": 5.532189024636, 
      "name": "", 
      "numOfAddr": 1, 
      "r": 5.532189024636, 
      "sanName": "", 
      "t": 50.254559616862
    }, 
    {
      "b": 50.254987639963, 
      "l": 5.531472809838, 
      "name": "", 
      "numOfAddr": 1, 
      "r": 5.531472809838, 
      "sanName": "", 
      "t": 50.254987639963
    }, 
    {
      "b": 50.24662411394, 
      "l": 5.550376181996, 
      "name": "", 
      "numOfAddr": 1, 
      "r": 5.550376181996, 
      "sanName": "", 
      "t": 50.24662411394
    }, 
    {
      "b": 50.247858972321, 
      "l": 5.528114599862, 
      "name": "", 
      "numOfAddr": 1, 
      "r": 5.528114599862, 
      "sanName": "", 
      "t": 50.247858972321
    }
  ]
}