{
  "streets": [
    {
      "b": 49.851945492178, 
      "l": 5.527394947307, 
      "name": "", 
      "numOfAddr": 1, 
      "r": 5.527394947307, 
      "sanName": "", 
      "t": 49.851945492178
    }
  ]
}