{
  "streets": [
    {
      "b": 49.905430872437, 
      "l": 5.699482872314, 
      "name": "", 
      "numOfAddr": 1, 
      "r": 5.699482872314, 
      "sanName": "", 
      "t": 49.905430872437
    }, 
    {
      "b": 49.890533002472, 
      "l": 5.702139714327, 
      "name": "", 
      "numOfAddr": 1, 
      "r": 5.702139714327, 
      "sanName": "", 
      "t": 49.890533002472
    }, 
    {
      "b": 49.892326228922, 
      "l": 5.703090335766, 
      "name": "", 
      "numOfAddr": 1, 
      "r": 5.703090335766, 
      "sanName": "", 
      "t": 49.892326228922
    }
  ]
}