{
  "streets": [
    {
      "b": 50.165296891243, 
      "l": 6.064445461424, 
      "name": "", 
      "numOfAddr": 1, 
      "r": 6.064445461424, 
      "sanName": "", 
      "t": 50.165296891243
    }, 
    {
      "b": 50.160596840175, 
      "l": 6.06258046442, 
      "name": "", 
      "numOfAddr": 1, 
      "r": 6.06258046442, 
      "sanName": "", 
      "t": 50.160596840175
    }, 
    {
      "b": 50.162709721577, 
      "l": 6.064696729162, 
      "name": "", 
      "numOfAddr": 1, 
      "r": 6.064696729162, 
      "sanName": "", 
      "t": 50.162709721577
    }
  ]
}