{
  "streets": [
    {
      "b": 50.279915936248, 
      "l": 5.498400284614, 
      "name": "", 
      "numOfAddr": 1, 
      "r": 5.498400284614, 
      "sanName": "", 
      "t": 50.279915936248
    }, 
    {
      "b": 50.278968294578, 
      "l": 5.496449025643, 
      "name": "", 
      "numOfAddr": 1, 
      "r": 5.496449025643, 
      "sanName": "", 
      "t": 50.278968294578
    }, 
    {
      "b": 50.280316092933, 
      "l": 5.496881476851, 
      "name": "", 
      "numOfAddr": 1, 
      "r": 5.496881476851, 
      "sanName": "", 
      "t": 50.280316092933
    }
  ]
}