{
  "streets": [
    {
      "b": 50.247053786989, 
      "l": 5.442280595296, 
      "name": "", 
      "numOfAddr": 1, 
      "r": 5.442280595296, 
      "sanName": "", 
      "t": 50.247053786989
    }, 
    {
      "b": 50.249327766482, 
      "l": 5.438528575457, 
      "name": "", 
      "numOfAddr": 1, 
      "r": 5.438528575457, 
      "sanName": "", 
      "t": 50.249327766482
    }, 
    {
      "b": 50.249468174533, 
      "l": 5.43909765929, 
      "name": "", 
      "numOfAddr": 1, 
      "r": 5.43909765929, 
      "sanName": "", 
      "t": 50.249468174533
    }
  ]
}