{
  "streets": [
    {
      "b": 49.844827915686, 
      "l": 5.492543710937, 
      "name": "", 
      "numOfAddr": 1, 
      "r": 5.492543710937, 
      "sanName": "", 
      "t": 49.844827915686
    }, 
    {
      "b": 49.843126314368, 
      "l": 5.488407463088, 
      "name": "", 
      "numOfAddr": 1, 
      "r": 5.488407463088, 
      "sanName": "", 
      "t": 49.843126314368
    }, 
    {
      "b": 49.845662701559, 
      "l": 5.492497019397, 
      "name": "", 
      "numOfAddr": 1, 
      "r": 5.492497019397, 
      "sanName": "", 
      "t": 49.845662701559
    }
  ]
}