{
  "streets": [
    {
      "b": 50.284809769868, 
      "l": 5.433716070867, 
      "name": "", 
      "numOfAddr": 1, 
      "r": 5.433716070867, 
      "sanName": "", 
      "t": 50.284809769868
    }, 
    {
      "b": 50.285564879958, 
      "l": 5.432103244121, 
      "name": "", 
      "numOfAddr": 1, 
      "r": 5.432103244121, 
      "sanName": "", 
      "t": 50.285564879958
    }, 
    {
      "b": 50.284998831961, 
      "l": 5.43379333439, 
      "name": "", 
      "numOfAddr": 1, 
      "r": 5.43379333439, 
      "sanName": "", 
      "t": 50.284998831961
    }, 
    {
      "b": 50.286443856357, 
      "l": 5.42898428895, 
      "name": "", 
      "numOfAddr": 1, 
      "r": 5.42898428895, 
      "sanName": "", 
      "t": 50.286443856357
    }
  ]
}