{
  "streets": [
    {
      "b": 49.875393632308, 
      "l": 5.438045910263, 
      "name": "", 
      "numOfAddr": 1, 
      "r": 5.438045910263, 
      "sanName": "", 
      "t": 49.875393632308
    }
  ]
}