{
  "streets": [
    {
      "b": 49.707579127698, 
      "l": 5.584848053048, 
      "name": "", 
      "numOfAddr": 1, 
      "r": 5.584848053048, 
      "sanName": "", 
      "t": 49.707579127698
    }, 
    {
      "b": 49.706845848532, 
      "l": 5.586780352362, 
      "name": "", 
      "numOfAddr": 1, 
      "r": 5.586780352362, 
      "sanName": "", 
      "t": 49.706845848532
    }
  ]
}