{
  "streets": [
    {
      "b": 49.790272694233, 
      "l": 5.499725210097, 
      "name": "", 
      "numOfAddr": 1, 
      "r": 5.499725210097, 
      "sanName": "", 
      "t": 49.790272694233
    }
  ]
}