{
  "streets": [
    {
      "b": 50.071117396714, 
      "l": 5.550985517492, 
      "name": "", 
      "numOfAddr": 1, 
      "r": 5.550985517492, 
      "sanName": "", 
      "t": 50.071117396714
    }
  ]
}