{
  "streets": [
    {
      "b": 49.818048973864, 
      "l": 5.554230543805, 
      "name": "", 
      "numOfAddr": 1, 
      "r": 5.554230543805, 
      "sanName": "", 
      "t": 49.818048973864
    }
  ]
}