{
  "streets": [
    {
      "b": 50.205770780586, 
      "l": 5.181986216142, 
      "name": "", 
      "numOfAddr": 1, 
      "r": 5.181986216142, 
      "sanName": "", 
      "t": 50.205770780586
    }, 
    {
      "b": 50.207657231978, 
      "l": 5.188738847457, 
      "name": "", 
      "numOfAddr": 1, 
      "r": 5.188738847457, 
      "sanName": "", 
      "t": 50.207657231978
    }
  ]
}