{
  "streets": [
    {
      "b": 50.248279658562, 
      "l": 6.145036705482, 
      "name": "", 
      "numOfAddr": 1, 
      "r": 6.145036705482, 
      "sanName": "", 
      "t": 50.248279658562
    }
  ]
}