{
  "streets": [
    {
      "b": 50.247974457988, 
      "l": 6.102038644785, 
      "name": "", 
      "numOfAddr": 1, 
      "r": 6.102038644785, 
      "sanName": "", 
      "t": 50.247974457988
    }
  ]
}