{
  "streets": [
    {
      "b": 49.831318604958, 
      "l": 5.339626622073, 
      "name": "", 
      "numOfAddr": 1, 
      "r": 5.339626622073, 
      "sanName": "", 
      "t": 49.831318604958
    }, 
    {
      "b": 49.835389010657, 
      "l": 5.344155809754, 
      "name": "", 
      "numOfAddr": 1, 
      "r": 5.344155809754, 
      "sanName": "", 
      "t": 49.835389010657
    }, 
    {
      "b": 49.833681225552, 
      "l": 5.339326305373, 
      "name": "", 
      "numOfAddr": 1, 
      "r": 5.339326305373, 
      "sanName": "", 
      "t": 49.833681225552
    }, 
    {
      "b": 49.832122042052, 
      "l": 5.344635676589, 
      "name": "", 
      "numOfAddr": 1, 
      "r": 5.344635676589, 
      "sanName": "", 
      "t": 49.832122042052
    }
  ]
}