{
  "streets": [
    {
      "b": 49.961526726381, 
      "l": 5.506997645644, 
      "name": "", 
      "numOfAddr": 1, 
      "r": 5.506997645644, 
      "sanName": "", 
      "t": 49.961526726381
    }, 
    {
      "b": 49.964602079412, 
      "l": 5.506645069014, 
      "name": "", 
      "numOfAddr": 1, 
      "r": 5.506645069014, 
      "sanName": "", 
      "t": 49.964602079412
    }, 
    {
      "b": 49.960078669864, 
      "l": 5.511315858683, 
      "name": "", 
      "numOfAddr": 1, 
      "otherPCs": [
        "Chenet"
      ], 
      "r": 5.511315858683, 
      "sanName": "", 
      "t": 49.960078669864
    }, 
    {
      "b": 49.962199171615, 
      "l": 5.507848720991, 
      "name": "", 
      "numOfAddr": 1, 
      "r": 5.507848720991, 
      "sanName": "", 
      "t": 49.962199171615
    }
  ]
}