{
  "streets": [
    {
      "b": 49.911481944141, 
      "l": 5.604261405024, 
      "name": "", 
      "numOfAddr": 1, 
      "r": 5.604261405024, 
      "sanName": "", 
      "t": 49.911481944141
    }
  ]
}