{
  "streets": [
    {
      "b": 50.117838442352, 
      "l": 4.702899289543, 
      "name": "", 
      "numOfAddr": 1, 
      "r": 4.702899289543, 
      "sanName": "", 
      "t": 50.117838442352
    }, 
    {
      "b": 50.116886743247, 
      "l": 4.705164949372, 
      "name": "", 
      "numOfAddr": 1, 
      "r": 4.705164949372, 
      "sanName": "", 
      "t": 50.116886743247
    }, 
    {
      "b": 50.116751304612, 
      "l": 4.707516877794, 
      "name": "", 
      "numOfAddr": 1, 
      "r": 4.707516877794, 
      "sanName": "", 
      "t": 50.116751304612
    }
  ]
}