{
  "streets": [
    {
      "b": 50.243037186708, 
      "l": 5.489387553689, 
      "name": "", 
      "numOfAddr": 1, 
      "r": 5.489387553689, 
      "sanName": "", 
      "t": 50.243037186708
    }, 
    {
      "b": 50.245073897289, 
      "l": 5.490020554632, 
      "name": "", 
      "numOfAddr": 1, 
      "r": 5.490020554632, 
      "sanName": "", 
      "t": 50.245073897289
    }
  ]
}