{
  "streets": [
    {
      "b": 49.814158267989, 
      "l": 5.43183026089, 
      "name": "", 
      "numOfAddr": 1, 
      "r": 5.43183026089, 
      "sanName": "", 
      "t": 49.814158267989
    }, 
    {
      "b": 49.813722827251, 
      "l": 5.431458471675, 
      "name": "", 
      "numOfAddr": 1, 
      "r": 5.431458471675, 
      "sanName": "", 
      "t": 49.813722827251
    }, 
    {
      "b": 49.814312417585, 
      "l": 5.432751421622, 
      "name": "", 
      "numOfAddr": 1, 
      "r": 5.432751421622, 
      "sanName": "", 
      "t": 49.814312417585
    }, 
    {
      "b": 49.814230426554, 
      "l": 5.431979275841, 
      "name": "", 
      "numOfAddr": 1, 
      "r": 5.431979275841, 
      "sanName": "", 
      "t": 49.814230426554
    }
  ]
}