{
  "streets": [
    {
      "b": 50.157530603723, 
      "l": 6.1401550997, 
      "name": "", 
      "numOfAddr": 1, 
      "r": 6.1401550997, 
      "sanName": "", 
      "t": 50.157530603723
    }, 
    {
      "b": 50.165626026612, 
      "l": 6.130894287785, 
      "name": "", 
      "numOfAddr": 1, 
      "r": 6.130894287785, 
      "sanName": "", 
      "t": 50.165626026612
    }, 
    {
      "b": 50.155920944147, 
      "l": 6.139021820942, 
      "name": "", 
      "numOfAddr": 1, 
      "r": 6.139021820942, 
      "sanName": "", 
      "t": 50.155920944147
    }, 
    {
      "b": 50.156915064187, 
      "l": 6.141773000005, 
      "name": "", 
      "numOfAddr": 1, 
      "r": 6.141773000005, 
      "sanName": "", 
      "t": 50.156915064187
    }
  ]
}