{
  "streets": [
    {
      "b": 50.709086714323, 
      "l": 5.415460590619, 
      "name": "", 
      "numOfAddr": 1, 
      "r": 5.415460590619, 
      "sanName": "", 
      "t": 50.709086714323
    }, 
    {
      "b": 50.709423307021, 
      "l": 5.417451196061, 
      "name": "", 
      "numOfAddr": 1, 
      "r": 5.417451196061, 
      "sanName": "", 
      "t": 50.709423307021
    }
  ]
}