{
  "streets": [
    {
      "b": 50.314594135165, 
      "l": 5.817522673715, 
      "name": "", 
      "numOfAddr": 1, 
      "r": 5.817522673715, 
      "sanName": "", 
      "t": 50.314594135165
    }, 
    {
      "b": 50.309138656697, 
      "l": 5.812024812511, 
      "name": "", 
      "numOfAddr": 1, 
      "otherPCs": [
        "Lierneux"
      ], 
      "r": 5.812024812511, 
      "sanName": "", 
      "t": 50.309138656697
    }, 
    {
      "b": 50.307370286394, 
      "l": 5.812149652896, 
      "name": "", 
      "numOfAddr": 1, 
      "r": 5.812149652896, 
      "sanName": "", 
      "t": 50.307370286394
    }
  ]
}