{
  "streets": [
    {
      "b": 50.192523054693, 
      "l": 4.698441290416, 
      "name": "", 
      "numOfAddr": 1, 
      "r": 4.698441290416, 
      "sanName": "", 
      "t": 50.192523054693
    }
  ]
}