{
  "streets": [
    {
      "b": 50.09439595996, 
      "l": 5.161240620715, 
      "name": "", 
      "numOfAddr": 1, 
      "r": 5.161240620715, 
      "sanName": "", 
      "t": 50.09439595996
    }
  ]
}