{
  "streets": [
    {
      "b": 49.785141683235, 
      "l": 5.769714248885, 
      "name": "", 
      "numOfAddr": 1, 
      "r": 5.769714248885, 
      "sanName": "", 
      "t": 49.785141683235
    }, 
    {
      "b": 49.783919533825, 
      "l": 5.772131441549, 
      "name": "", 
      "numOfAddr": 1, 
      "r": 5.772131441549, 
      "sanName": "", 
      "t": 49.783919533825
    }, 
    {
      "b": 49.787087526917, 
      "l": 5.772249505571, 
      "name": "", 
      "numOfAddr": 1, 
      "r": 5.772249505571, 
      "sanName": "", 
      "t": 49.787087526917
    }
  ]
}