{
  "streets": [
    {
      "b": 50.31583452042, 
      "l": 5.523419722778, 
      "name": "", 
      "numOfAddr": 1, 
      "r": 5.523419722778, 
      "sanName": "", 
      "t": 50.31583452042
    }, 
    {
      "b": 50.314709254741, 
      "l": 5.524742908337, 
      "name": "", 
      "numOfAddr": 1, 
      "r": 5.524742908337, 
      "sanName": "", 
      "t": 50.314709254741
    }
  ]
}