{
  "streets": [
    {
      "b": 50.21312921694, 
      "l": 5.03018166384, 
      "name": "", 
      "numOfAddr": 1, 
      "r": 5.03018166384, 
      "sanName": "", 
      "t": 50.21312921694
    }
  ]
}