{
  "streets": [
    {
      "b": 49.881703138356, 
      "l": 4.944175098789, 
      "name": "", 
      "numOfAddr": 1, 
      "r": 4.944175098789, 
      "sanName": "", 
      "t": 49.881703138356
    }, 
    {
      "b": 49.900529050267, 
      "l": 4.968980550665, 
      "name": "", 
      "numOfAddr": 1, 
      "r": 4.968980550665, 
      "sanName": "", 
      "t": 49.900529050267
    }
  ]
}