{
  "streets": [
    {
      "b": 50.352258584681, 
      "l": 5.40618915186, 
      "name": "", 
      "numOfAddr": 1, 
      "r": 5.40618915186, 
      "sanName": "", 
      "t": 50.352258584681
    }, 
    {
      "b": 50.34913417336, 
      "l": 5.397875694275, 
      "name": "", 
      "numOfAddr": 1, 
      "r": 5.397875694275, 
      "sanName": "", 
      "t": 50.34913417336
    }, 
    {
      "b": 50.348285197718, 
      "l": 5.404641354485, 
      "name": "", 
      "numOfAddr": 1, 
      "r": 5.404641354485, 
      "sanName": "", 
      "t": 50.348285197718
    }, 
    {
      "b": 50.345722459941, 
      "l": 5.404825910279, 
      "name": "", 
      "numOfAddr": 1, 
      "r": 5.404825910279, 
      "sanName": "", 
      "t": 50.345722459941
    }
  ]
}