{
  "streets": [
    {
      "b": 50.213320922284, 
      "l": 4.811989425665, 
      "name": "", 
      "numOfAddr": 1, 
      "r": 4.811989425665, 
      "sanName": "", 
      "t": 50.213320922284
    }
  ]
}