{
  "streets": [
    {
      "b": 49.975412952071, 
      "l": 5.609665939705, 
      "name": "", 
      "numOfAddr": 1, 
      "r": 5.609665939705, 
      "sanName": "", 
      "t": 49.975412952071
    }
  ]
}