{
  "streets": [
    {
      "b": 49.810550034218, 
      "l": 4.871906904999, 
      "name": "", 
      "numOfAddr": 1, 
      "r": 4.871906904999, 
      "sanName": "", 
      "t": 49.810550034218
    }, 
    {
      "b": 49.811126712247, 
      "l": 4.871319750038, 
      "name": "", 
      "numOfAddr": 1, 
      "r": 4.871319750038, 
      "sanName": "", 
      "t": 49.811126712247
    }, 
    {
      "b": 49.811116665929, 
      "l": 4.870442429863, 
      "name": "", 
      "numOfAddr": 1, 
      "r": 4.870442429863, 
      "sanName": "", 
      "t": 49.811116665929
    }, 
    {
      "b": 49.811321318157, 
      "l": 4.867085441453, 
      "name": "", 
      "numOfAddr": 1, 
      "r": 4.867085441453, 
      "sanName": "", 
      "t": 49.811321318157
    }
  ]
}