{
  "streets": [
    {
      "b": 50.187877171431, 
      "l": 5.512607443719, 
      "name": "", 
      "numOfAddr": 1, 
      "r": 5.512607443719, 
      "sanName": "", 
      "t": 50.187877171431
    }
  ]
}