{
  "streets": [
    {
      "b": 49.799588792898, 
      "l": 5.559285510367, 
      "name": "", 
      "numOfAddr": 1, 
      "r": 5.559285510367, 
      "sanName": "", 
      "t": 49.799588792898
    }, 
    {
      "b": 49.796670557471, 
      "l": 5.558466626654, 
      "name": "", 
      "numOfAddr": 1, 
      "r": 5.558466626654, 
      "sanName": "", 
      "t": 49.796670557471
    }
  ]
}