{
  "streets": [
    {
      "b": 50.516673827452, 
      "l": 5.323663777255, 
      "name": "", 
      "numOfAddr": 1, 
      "r": 5.323663777255, 
      "sanName": "", 
      "t": 50.516673827452
    }, 
    {
      "b": 50.514378167906, 
      "l": 5.328185079844, 
      "name": "", 
      "numOfAddr": 1, 
      "otherPCs": [
        "Str\u00c3\u00a9e"
      ], 
      "r": 5.328185079844, 
      "sanName": "", 
      "t": 50.514378167906
    }, 
    {
      "b": 50.507414851543, 
      "l": 5.324802433552, 
      "name": "", 
      "numOfAddr": 1, 
      "r": 5.324802433552, 
      "sanName": "", 
      "t": 50.507414851543
    }, 
    {
      "b": 50.521230288754, 
      "l": 5.340345303771, 
      "name": "", 
      "numOfAddr": 1, 
      "r": 5.340345303771, 
      "sanName": "", 
      "t": 50.521230288754
    }
  ]
}