{
  "streets": [
    {
      "b": 49.976964765593, 
      "l": 5.494460421601, 
      "name": "", 
      "numOfAddr": 1, 
      "r": 5.494460421601, 
      "sanName": "", 
      "t": 49.976964765593
    }, 
    {
      "b": 49.952468537812, 
      "l": 5.490680177951, 
      "name": "", 
      "numOfAddr": 1, 
      "r": 5.490680177951, 
      "sanName": "", 
      "t": 49.952468537812
    }, 
    {
      "b": 49.976845556152, 
      "l": 5.49554781919, 
      "name": "", 
      "numOfAddr": 1, 
      "r": 5.49554781919, 
      "sanName": "", 
      "t": 49.976845556152
    }, 
    {
      "b": 49.976257340926, 
      "l": 5.494272394605, 
      "name": "", 
      "numOfAddr": 1, 
      "r": 5.494272394605, 
      "sanName": "", 
      "t": 49.976257340926
    }
  ]
}