{
  "streets": [
    {
      "b": 49.934454101392, 
      "l": 5.638602140578, 
      "name": "", 
      "numOfAddr": 1, 
      "r": 5.638602140578, 
      "sanName": "", 
      "t": 49.934454101392
    }
  ]
}