{
  "streets": [
    {
      "b": 49.914956190388, 
      "l": 5.636497065381, 
      "name": "", 
      "numOfAddr": 1, 
      "r": 5.636497065381, 
      "sanName": "", 
      "t": 49.914956190388
    }
  ]
}