{
  "streets": [
    {
      "b": 50.243235976505, 
      "l": 5.498783687176, 
      "name": "", 
      "numOfAddr": 1, 
      "r": 5.498783687176, 
      "sanName": "", 
      "t": 50.243235976505
    }, 
    {
      "b": 50.241939706935, 
      "l": 5.499070064807, 
      "name": "", 
      "numOfAddr": 1, 
      "r": 5.499070064807, 
      "sanName": "", 
      "t": 50.241939706935
    }
  ]
}