{
  "streets": [
    {
      "b": 50.179631182665, 
      "l": 6.109261749101, 
      "name": "", 
      "numOfAddr": 1, 
      "r": 6.109261749101, 
      "sanName": "", 
      "t": 50.179631182665
    }, 
    {
      "b": 50.175474476456, 
      "l": 6.112825243134, 
      "name": "", 
      "numOfAddr": 1, 
      "r": 6.112825243134, 
      "sanName": "", 
      "t": 50.175474476456
    }
  ]
}