{
  "streets": [
    {
      "b": 50.34874036656, 
      "l": 5.594497350648, 
      "name": "", 
      "numOfAddr": 1, 
      "r": 5.594497350648, 
      "sanName": "", 
      "t": 50.34874036656
    }, 
    {
      "b": 50.348097802326, 
      "l": 5.596259044537, 
      "name": "", 
      "numOfAddr": 1, 
      "r": 5.596259044537, 
      "sanName": "", 
      "t": 50.348097802326
    }, 
    {
      "b": 50.348255086535, 
      "l": 5.590105994796, 
      "name": "", 
      "numOfAddr": 1, 
      "r": 5.590105994796, 
      "sanName": "", 
      "t": 50.348255086535
    }, 
    {
      "b": 50.348905197914, 
      "l": 5.59023335297, 
      "name": "", 
      "numOfAddr": 1, 
      "r": 5.59023335297, 
      "sanName": "", 
      "t": 50.348905197914
    }
  ]
}