{
  "streets": [
    {
      "b": 50.037409167076, 
      "l": 5.681887883689, 
      "name": "", 
      "numOfAddr": 1, 
      "r": 5.681887883689, 
      "sanName": "", 
      "t": 50.037409167076
    }
  ]
}