{
  "streets": [
    {
      "b": 49.691100788147, 
      "l": 5.425200024082, 
      "name": "", 
      "numOfAddr": 1, 
      "r": 5.425200024082, 
      "sanName": "", 
      "t": 49.691100788147
    }, 
    {
      "b": 49.689713537673, 
      "l": 5.419297053517, 
      "name": "", 
      "numOfAddr": 1, 
      "otherPCs": [
        "Jamoigne"
      ], 
      "r": 5.419297053517, 
      "sanName": "", 
      "t": 49.689713537673
    }, 
    {
      "b": 49.694934600052, 
      "l": 5.42174786666, 
      "name": "", 
      "numOfAddr": 1, 
      "r": 5.42174786666, 
      "sanName": "", 
      "t": 49.694934600052
    }
  ]
}