{
  "streets": [
    {
      "b": 49.958997142205, 
      "l": 5.507731590827, 
      "name": "", 
      "numOfAddr": 1, 
      "r": 5.507731590827, 
      "sanName": "", 
      "t": 49.958997142205
    }, 
    {
      "b": 49.95582079806, 
      "l": 5.505887357844, 
      "name": "", 
      "numOfAddr": 1, 
      "r": 5.505887357844, 
      "sanName": "", 
      "t": 49.95582079806
    }
  ]
}