{
  "streets": [
    {
      "b": 50.230210278078, 
      "l": 5.517120596528, 
      "name": "", 
      "numOfAddr": 1, 
      "r": 5.517120596528, 
      "sanName": "", 
      "t": 50.230210278078
    }, 
    {
      "b": 50.228009017911, 
      "l": 5.516785210883, 
      "name": "", 
      "numOfAddr": 1, 
      "r": 5.516785210883, 
      "sanName": "", 
      "t": 50.228009017911
    }, 
    {
      "b": 50.227694509883, 
      "l": 5.520628065088, 
      "name": "", 
      "numOfAddr": 1, 
      "r": 5.520628065088, 
      "sanName": "", 
      "t": 50.227694509883
    }, 
    {
      "b": 50.226030278336, 
      "l": 5.515158981117, 
      "name": "", 
      "numOfAddr": 1, 
      "r": 5.515158981117, 
      "sanName": "", 
      "t": 50.226030278336
    }
  ]
}