{
  "streets": [
    {
      "b": 50.396386966143, 
      "l": 5.400815408867, 
      "name": "", 
      "numOfAddr": 1, 
      "r": 5.400815408867, 
      "sanName": "", 
      "t": 50.396386966143
    }
  ]
}