{
  "streets": [
    {
      "b": 50.264919101075, 
      "l": 6.20925593314, 
      "name": "", 
      "numOfAddr": 1, 
      "r": 6.20925593314, 
      "sanName": "", 
      "t": 50.264919101075
    }
  ]
}