{
  "streets": [
    {
      "b": 50.309554032822, 
      "l": 4.817892935845, 
      "name": "", 
      "numOfAddr": 1, 
      "r": 4.817892935845, 
      "sanName": "", 
      "t": 50.309554032822
    }, 
    {
      "b": 50.306521608164, 
      "l": 4.82327943758, 
      "name": "", 
      "numOfAddr": 1, 
      "r": 4.82327943758, 
      "sanName": "", 
      "t": 50.306521608164
    }, 
    {
      "b": 50.308813488325, 
      "l": 4.819471856214, 
      "name": "", 
      "numOfAddr": 1, 
      "r": 4.819471856214, 
      "sanName": "", 
      "t": 50.308813488325
    }, 
    {
      "b": 50.309919288345, 
      "l": 4.821315998115, 
      "name": "", 
      "numOfAddr": 1, 
      "r": 4.821315998115, 
      "sanName": "", 
      "t": 50.309919288345
    }
  ]
}