{
  "streets": [
    {
      "b": 49.951589058396, 
      "l": 5.696854990801, 
      "name": "", 
      "numOfAddr": 1, 
      "r": 5.696854990801, 
      "sanName": "", 
      "t": 49.951589058396
    }
  ]
}