{
  "streets": [
    {
      "b": 50.207237356658, 
      "l": 5.637040865289, 
      "name": "", 
      "numOfAddr": 1, 
      "r": 5.637040865289, 
      "sanName": "", 
      "t": 50.207237356658
    }, 
    {
      "b": 50.169245053368, 
      "l": 5.627758929591, 
      "name": "", 
      "numOfAddr": 1, 
      "r": 5.627758929591, 
      "sanName": "", 
      "t": 50.169245053368
    }, 
    {
      "b": 50.213486270834, 
      "l": 5.698447775661, 
      "name": "", 
      "numOfAddr": 1, 
      "r": 5.698447775661, 
      "sanName": "", 
      "t": 50.213486270834
    }, 
    {
      "b": 50.18087051813, 
      "l": 5.667724379712, 
      "name": "", 
      "numOfAddr": 1, 
      "r": 5.667724379712, 
      "sanName": "", 
      "t": 50.18087051813
    }
  ]
}