{
  "streets": [
    {
      "b": 50.68195227397, 
      "l": 4.760658987234, 
      "name": "", 
      "numOfAddr": 1, 
      "r": 4.760658987234, 
      "sanName": "", 
      "t": 50.68195227397
    }, 
    {
      "b": 50.67997747188, 
      "l": 4.757212100199, 
      "name": "", 
      "numOfAddr": 1, 
      "r": 4.757212100199, 
      "sanName": "", 
      "t": 50.67997747188
    }
  ]
}