{
  "streets": [
    {
      "b": 49.740420847434, 
      "l": 5.785537899758, 
      "name": "", 
      "numOfAddr": 1, 
      "r": 5.785537899758, 
      "sanName": "", 
      "t": 49.740420847434
    }, 
    {
      "b": 49.745251330942, 
      "l": 5.77466853482, 
      "name": "", 
      "numOfAddr": 1, 
      "r": 5.77466853482, 
      "sanName": "", 
      "t": 49.745251330942
    }, 
    {
      "b": 49.740406254086, 
      "l": 5.759387828098, 
      "name": "", 
      "numOfAddr": 1, 
      "r": 5.759387828098, 
      "sanName": "", 
      "t": 49.740406254086
    }
  ]
}