{
  "streets": [
    {
      "b": 50.267469421514, 
      "l": 6.188353328472, 
      "name": "", 
      "numOfAddr": 1, 
      "r": 6.188353328472, 
      "sanName": "", 
      "t": 50.267469421514
    }
  ]
}