{
  "streets": [
    {
      "b": 50.184215764973, 
      "l": 6.017165169049, 
      "name": "", 
      "numOfAddr": 1, 
      "r": 6.017165169049, 
      "sanName": "", 
      "t": 50.184215764973
    }
  ]
}