{
  "streets": [
    {
      "b": 49.762341952459, 
      "l": 5.766243166455, 
      "name": "", 
      "numOfAddr": 1, 
      "r": 5.766243166455, 
      "sanName": "", 
      "t": 49.762341952459
    }, 
    {
      "b": 49.763104738901, 
      "l": 5.762263294246, 
      "name": "", 
      "numOfAddr": 1, 
      "r": 5.762263294246, 
      "sanName": "", 
      "t": 49.763104738901
    }, 
    {
      "b": 49.770027142051, 
      "l": 5.764232420274, 
      "name": "", 
      "numOfAddr": 1, 
      "otherPCs": [
        "Nothomb"
      ], 
      "r": 5.764232420274, 
      "sanName": "", 
      "t": 49.770027142051
    }, 
    {
      "b": 49.762285751811, 
      "l": 5.762660183847, 
      "name": "", 
      "numOfAddr": 1, 
      "r": 5.762660183847, 
      "sanName": "", 
      "t": 49.762285751811
    }
  ]
}