{
  "streets": [
    {
      "b": 49.863175218588, 
      "l": 5.4280501548, 
      "name": "", 
      "numOfAddr": 1, 
      "r": 5.4280501548, 
      "sanName": "", 
      "t": 49.863175218588
    }, 
    {
      "b": 49.863328649034, 
      "l": 5.42717502676, 
      "name": "", 
      "numOfAddr": 1, 
      "r": 5.42717502676, 
      "sanName": "", 
      "t": 49.863328649034
    }, 
    {
      "b": 49.862038114578, 
      "l": 5.429095471745, 
      "name": "", 
      "numOfAddr": 1, 
      "r": 5.429095471745, 
      "sanName": "", 
      "t": 49.862038114578
    }
  ]
}