{
  "streets": [
    {
      "b": 50.620125423162, 
      "l": 5.297613407789, 
      "name": "", 
      "numOfAddr": 1, 
      "r": 5.297613407789, 
      "sanName": "", 
      "t": 50.620125423162
    }, 
    {
      "b": 50.61954927893, 
      "l": 5.300199482211, 
      "name": "", 
      "numOfAddr": 1, 
      "r": 5.300199482211, 
      "sanName": "", 
      "t": 50.61954927893
    }, 
    {
      "b": 50.622036439311, 
      "l": 5.297072795772, 
      "name": "", 
      "numOfAddr": 1, 
      "r": 5.297072795772, 
      "sanName": "", 
      "t": 50.622036439311
    }, 
    {
      "b": 50.621741239064, 
      "l": 5.299651330719, 
      "name": "", 
      "numOfAddr": 1, 
      "r": 5.299651330719, 
      "sanName": "", 
      "t": 50.621741239064
    }
  ]
}