{
  "streets": [
    {
      "b": 50.227885619986, 
      "l": 5.228306709597, 
      "name": "", 
      "numOfAddr": 1, 
      "r": 5.228306709597, 
      "sanName": "", 
      "t": 50.227885619986
    }, 
    {
      "b": 50.238793638808, 
      "l": 5.235887169548, 
      "name": "", 
      "numOfAddr": 1, 
      "r": 5.235887169548, 
      "sanName": "", 
      "t": 50.238793638808
    }, 
    {
      "b": 50.230631739288, 
      "l": 5.225991414292, 
      "name": "", 
      "numOfAddr": 1, 
      "r": 5.225991414292, 
      "sanName": "", 
      "t": 50.230631739288
    }, 
    {
      "b": 50.233488564889, 
      "l": 5.22500306414, 
      "name": "", 
      "numOfAddr": 1, 
      "r": 5.22500306414, 
      "sanName": "", 
      "t": 50.233488564889
    }
  ]
}