{
  "streets": [
    {
      "b": 50.040656530415, 
      "l": 5.694792292729, 
      "name": "", 
      "numOfAddr": 1, 
      "r": 5.694792292729, 
      "sanName": "", 
      "t": 50.040656530415
    }
  ]
}