{
  "streets": [
    {
      "b": 49.664059151972, 
      "l": 5.806492121508, 
      "name": "", 
      "numOfAddr": 1, 
      "r": 5.806492121508, 
      "sanName": "", 
      "t": 49.664059151972
    }, 
    {
      "b": 49.664647627684, 
      "l": 5.807035766216, 
      "name": "", 
      "numOfAddr": 1, 
      "r": 5.807035766216, 
      "sanName": "", 
      "t": 49.664647627684
    }, 
    {
      "b": 49.659498407524, 
      "l": 5.79931694935, 
      "name": "", 
      "numOfAddr": 1, 
      "r": 5.79931694935, 
      "sanName": "", 
      "t": 49.659498407524
    }, 
    {
      "b": 49.66329419694, 
      "l": 5.809226120776, 
      "name": "", 
      "numOfAddr": 1, 
      "r": 5.809226120776, 
      "sanName": "", 
      "t": 49.66329419694
    }
  ]
}