{
  "streets": [
    {
      "b": 50.278866331799, 
      "l": 6.207393286685, 
      "name": "", 
      "numOfAddr": 1, 
      "r": 6.207393286685, 
      "sanName": "", 
      "t": 50.278866331799
    }
  ]
}