{
  "streets": [
    {
      "b": 49.693549759225, 
      "l": 5.826988588866, 
      "name": "", 
      "numOfAddr": 1, 
      "r": 5.826988588866, 
      "sanName": "", 
      "t": 49.693549759225
    }
  ]
}