{
  "streets": [
    {
      "b": 50.507028925899, 
      "l": 3.96140614591, 
      "name": "", 
      "numOfAddr": 1, 
      "otherPCs": [
        "Casteau"
      ], 
      "r": 3.96140614591, 
      "sanName": "", 
      "t": 50.507028925899
    }, 
    {
      "b": 50.507688271819, 
      "l": 3.956998249583, 
      "name": "", 
      "numOfAddr": 1, 
      "otherPCs": [
        "Maisi\u00c3\u00a8res"
      ], 
      "r": 3.956998249583, 
      "sanName": "", 
      "t": 50.507688271819
    }, 
    {
      "b": 50.507165929123, 
      "l": 3.959925779328, 
      "name": "", 
      "numOfAddr": 1, 
      "r": 3.959925779328, 
      "sanName": "", 
      "t": 50.507165929123
    }
  ]
}