{
  "streets": [
    {
      "b": 50.170354195296, 
      "l": 4.235725933599, 
      "name": "", 
      "numOfAddr": 1, 
      "otherPCs": [
        "", 
        "Grandrieu"
      ], 
      "r": 4.235725933599, 
      "sanName": "", 
      "t": 50.170354195296
    }, 
    {
      "b": 50.178671248484, 
      "l": 4.231045078989, 
      "name": "", 
      "numOfAddr": 1, 
      "r": 4.231045078989, 
      "sanName": "", 
      "t": 50.178671248484
    }, 
    {
      "b": 50.170504807572, 
      "l": 4.234531414864, 
      "name": "", 
      "numOfAddr": 1, 
      "otherPCs": [
        "Sautin"
      ], 
      "r": 4.234531414864, 
      "sanName": "", 
      "t": 50.170504807572
    }
  ]
}