{
  "streets": [
    {
      "b": 49.664947356889, 
      "l": 5.835049763228, 
      "name": "", 
      "numOfAddr": 1, 
      "r": 5.835049763228, 
      "sanName": "", 
      "t": 49.664947356889
    }, 
    {
      "b": 49.658490014683, 
      "l": 5.837776197641, 
      "name": "", 
      "numOfAddr": 1, 
      "otherPCs": [
        "Autelbas-Barnich"
      ], 
      "r": 5.837776197641, 
      "sanName": "", 
      "t": 49.658490014683
    }
  ]
}