{
  "streets": [
    {
      "b": 50.239051571746, 
      "l": 6.182385021183, 
      "name": "", 
      "numOfAddr": 1, 
      "r": 6.182385021183, 
      "sanName": "", 
      "t": 50.239051571746
    }
  ]
}