{
  "streets": [
    {
      "b": 50.083535126706, 
      "l": 5.575588734853, 
      "name": "", 
      "numOfAddr": 1, 
      "r": 5.575588734853, 
      "sanName": "", 
      "t": 50.083535126706
    }
  ]
}