{
  "streets": [
    {
      "b": 50.176483407466, 
      "l": 6.14373140435, 
      "name": "", 
      "numOfAddr": 1, 
      "r": 6.14373140435, 
      "sanName": "", 
      "t": 50.176483407466
    }, 
    {
      "b": 50.175386612835, 
      "l": 6.142212251321, 
      "name": "", 
      "numOfAddr": 1, 
      "r": 6.142212251321, 
      "sanName": "", 
      "t": 50.175386612835
    }, 
    {
      "b": 50.17458116397, 
      "l": 6.143453863758, 
      "name": "", 
      "numOfAddr": 1, 
      "r": 6.143453863758, 
      "sanName": "", 
      "t": 50.17458116397
    }
  ]
}