{
  "streets": [
    {
      "b": 49.906695064216, 
      "l": 5.597781159383, 
      "name": "", 
      "numOfAddr": 1, 
      "r": 5.597781159383, 
      "sanName": "", 
      "t": 49.906695064216
    }
  ]
}