{
  "streets": [
    {
      "b": 49.712496774923, 
      "l": 5.453130225597, 
      "name": "", 
      "numOfAddr": 1, 
      "r": 5.453130225597, 
      "sanName": "", 
      "t": 49.712496774923
    }, 
    {
      "b": 49.706374933247, 
      "l": 5.457557207406, 
      "name": "", 
      "numOfAddr": 1, 
      "r": 5.457557207406, 
      "sanName": "", 
      "t": 49.706374933247
    }, 
    {
      "b": 49.708077057437, 
      "l": 5.458628640859, 
      "name": "", 
      "numOfAddr": 1, 
      "r": 5.458628640859, 
      "sanName": "", 
      "t": 49.708077057437
    }, 
    {
      "b": 49.702200135766, 
      "l": 5.455085798384, 
      "name": "", 
      "numOfAddr": 1, 
      "r": 5.455085798384, 
      "sanName": "", 
      "t": 49.702200135766
    }
  ]
}