{
  "streets": [
    {
      "b": 49.717056832203, 
      "l": 5.730089803717, 
      "name": "", 
      "numOfAddr": 1, 
      "r": 5.730089803717, 
      "sanName": "", 
      "t": 49.717056832203
    }, 
    {
      "b": 49.715617964927, 
      "l": 5.732179520961, 
      "name": "", 
      "numOfAddr": 1, 
      "otherPCs": [
        "Tattert"
      ], 
      "r": 5.732179520961, 
      "sanName": "", 
      "t": 49.715617964927
    }, 
    {
      "b": 49.715300347784, 
      "l": 5.727824824036, 
      "name": "", 
      "numOfAddr": 1, 
      "r": 5.727824824036, 
      "sanName": "", 
      "t": 49.715300347784
    }, 
    {
      "b": 49.716162810942, 
      "l": 5.732212309261, 
      "name": "", 
      "numOfAddr": 1, 
      "r": 5.732212309261, 
      "sanName": "", 
      "t": 49.716162810942
    }
  ]
}