{
  "streets": [
    {
      "b": 50.25848334802, 
      "l": 5.519021542683, 
      "name": "", 
      "numOfAddr": 1, 
      "otherPCs": [
        "Beffe"
      ], 
      "r": 5.519021542683, 
      "sanName": "", 
      "t": 50.25848334802
    }, 
    {
      "b": 50.258467066758, 
      "l": 5.512871485193, 
      "name": "", 
      "numOfAddr": 1, 
      "r": 5.512871485193, 
      "sanName": "", 
      "t": 50.258467066758
    }, 
    {
      "b": 50.258587419244, 
      "l": 5.51124480633, 
      "name": "", 
      "numOfAddr": 1, 
      "r": 5.51124480633, 
      "sanName": "", 
      "t": 50.258587419244
    }, 
    {
      "b": 50.261375301566, 
      "l": 5.514137031804, 
      "name": "", 
      "numOfAddr": 1, 
      "r": 5.514137031804, 
      "sanName": "", 
      "t": 50.261375301566
    }
  ]
}