{
  "streets": [
    {
      "b": 50.038342587869, 
      "l": 5.596070822045, 
      "name": "", 
      "numOfAddr": 1, 
      "r": 5.596070822045, 
      "sanName": "", 
      "t": 50.038342587869
    }, 
    {
      "b": 50.039963479564, 
      "l": 5.598369180607, 
      "name": "", 
      "numOfAddr": 1, 
      "r": 5.598369180607, 
      "sanName": "", 
      "t": 50.039963479564
    }, 
    {
      "b": 50.04088268324, 
      "l": 5.596541922356, 
      "name": "", 
      "numOfAddr": 1, 
      "r": 5.596541922356, 
      "sanName": "", 
      "t": 50.04088268324
    }
  ]
}