{
  "streets": [
    {
      "b": 50.0626938185, 
      "l": 5.626316289944, 
      "name": "", 
      "numOfAddr": 1, 
      "r": 5.626316289944, 
      "sanName": "", 
      "t": 50.0626938185
    }
  ]
}