{
  "streets": [
    {
      "b": 50.064036927397, 
      "l": 4.361497705987, 
      "name": "", 
      "numOfAddr": 1, 
      "r": 4.361497705987, 
      "sanName": "", 
      "t": 50.064036927397
    }, 
    {
      "b": 50.079884185044, 
      "l": 4.372559526558, 
      "name": "", 
      "numOfAddr": 1, 
      "r": 4.372559526558, 
      "sanName": "", 
      "t": 50.079884185044
    }, 
    {
      "b": 50.069280682216, 
      "l": 4.368571057424, 
      "name": "", 
      "numOfAddr": 1, 
      "otherPCs": [
        "Lompret"
      ], 
      "r": 4.368571057424, 
      "sanName": "", 
      "t": 50.069280682216
    }, 
    {
      "b": 50.052767984673, 
      "l": 4.358821457536, 
      "name": "", 
      "numOfAddr": 1, 
      "r": 4.358821457536, 
      "sanName": "", 
      "t": 50.052767984673
    }
  ]
}