{
  "streets": [
    {
      "b": 49.852192510741, 
      "l": 5.550557989906, 
      "name": "", 
      "numOfAddr": 1, 
      "r": 5.550557989906, 
      "sanName": "", 
      "t": 49.852192510741
    }
  ]
}