{
  "streets": [
    {
      "b": 50.221937061473, 
      "l": 4.984741178465, 
      "name": "", 
      "numOfAddr": 1, 
      "r": 4.984741178465, 
      "sanName": "", 
      "t": 50.221937061473
    }, 
    {
      "b": 50.221325980261, 
      "l": 4.986262792523, 
      "name": "", 
      "numOfAddr": 1, 
      "r": 4.986262792523, 
      "sanName": "", 
      "t": 50.221325980261
    }, 
    {
      "b": 50.22043455123, 
      "l": 4.986679337689, 
      "name": "", 
      "numOfAddr": 1, 
      "r": 4.986679337689, 
      "sanName": "", 
      "t": 50.22043455123
    }
  ]
}