{
  "streets": [
    {
      "b": 50.158185820213, 
      "l": 5.075777176966, 
      "name": "", 
      "numOfAddr": 1, 
      "r": 5.075777176966, 
      "sanName": "", 
      "t": 50.158185820213
    }, 
    {
      "b": 50.163300979487, 
      "l": 5.078275564205, 
      "name": "", 
      "numOfAddr": 1, 
      "r": 5.078275564205, 
      "sanName": "", 
      "t": 50.163300979487
    }
  ]
}