{
  "streets": [
    {
      "b": 49.700089810496, 
      "l": 5.561590913788, 
      "name": "", 
      "numOfAddr": 1, 
      "r": 5.561590913788, 
      "sanName": "", 
      "t": 49.700089810496
    }, 
    {
      "b": 49.699608046392, 
      "l": 5.556067982359, 
      "name": "", 
      "numOfAddr": 1, 
      "r": 5.556067982359, 
      "sanName": "", 
      "t": 49.699608046392
    }, 
    {
      "b": 49.705860301494, 
      "l": 5.583549549881, 
      "name": "", 
      "numOfAddr": 1, 
      "r": 5.583549549881, 
      "sanName": "", 
      "t": 49.705860301494
    }
  ]
}