{
  "streets": [
    {
      "b": 50.229934343511, 
      "l": 5.46378142648, 
      "name": "", 
      "numOfAddr": 1, 
      "r": 5.46378142648, 
      "sanName": "", 
      "t": 50.229934343511
    }, 
    {
      "b": 50.231563805244, 
      "l": 5.465479101932, 
      "name": "", 
      "numOfAddr": 1, 
      "r": 5.465479101932, 
      "sanName": "", 
      "t": 50.231563805244
    }, 
    {
      "b": 50.235091218329, 
      "l": 5.469315583383, 
      "name": "", 
      "numOfAddr": 1, 
      "r": 5.469315583383, 
      "sanName": "", 
      "t": 50.235091218329
    }
  ]
}