{
  "streets": [
    {
      "b": 50.051631926939, 
      "l": 4.939068320878, 
      "name": "", 
      "numOfAddr": 1, 
      "r": 4.939068320878, 
      "sanName": "", 
      "t": 50.051631926939
    }, 
    {
      "b": 50.088401477273, 
      "l": 4.962540941287, 
      "name": "", 
      "numOfAddr": 1, 
      "r": 4.962540941287, 
      "sanName": "", 
      "t": 50.088401477273
    }, 
    {
      "b": 50.076763295445, 
      "l": 4.961309763213, 
      "name": "", 
      "numOfAddr": 1, 
      "r": 4.961309763213, 
      "sanName": "", 
      "t": 50.076763295445
    }, 
    {
      "b": 50.089699993368, 
      "l": 4.960951874137, 
      "name": "", 
      "numOfAddr": 1, 
      "r": 4.960951874137, 
      "sanName": "", 
      "t": 50.089699993368
    }
  ]
}