{
  "streets": [
    {
      "b": 50.201106307901, 
      "l": 5.523089891289, 
      "name": "", 
      "numOfAddr": 1, 
      "r": 5.523089891289, 
      "sanName": "", 
      "t": 50.201106307901
    }, 
    {
      "b": 50.200336235957, 
      "l": 5.52229277807, 
      "name": "", 
      "numOfAddr": 1, 
      "r": 5.52229277807, 
      "sanName": "", 
      "t": 50.200336235957
    }, 
    {
      "b": 50.201920790215, 
      "l": 5.523952100261, 
      "name": "", 
      "numOfAddr": 1, 
      "r": 5.523952100261, 
      "sanName": "", 
      "t": 50.201920790215
    }, 
    {
      "b": 50.201744437933, 
      "l": 5.522770840153, 
      "name": "", 
      "numOfAddr": 1, 
      "r": 5.522770840153, 
      "sanName": "", 
      "t": 50.201744437933
    }
  ]
}