{
  "streets": [
    {
      "b": 50.369244044279, 
      "l": 5.47456240381, 
      "name": "", 
      "numOfAddr": 1, 
      "r": 5.47456240381, 
      "sanName": "", 
      "t": 50.369244044279
    }, 
    {
      "b": 50.362873329972, 
      "l": 5.47645539638, 
      "name": "", 
      "numOfAddr": 1, 
      "r": 5.47645539638, 
      "sanName": "", 
      "t": 50.362873329972
    }, 
    {
      "b": 50.366644440928, 
      "l": 5.465531993745, 
      "name": "", 
      "numOfAddr": 1, 
      "r": 5.465531993745, 
      "sanName": "", 
      "t": 50.366644440928
    }
  ]
}