{
  "streets": [
    {
      "b": 50.184957078059, 
      "l": 6.151494466505, 
      "name": "", 
      "numOfAddr": 1, 
      "r": 6.151494466505, 
      "sanName": "", 
      "t": 50.184957078059
    }
  ]
}