{
  "streets": [
    {
      "b": 50.254306892266, 
      "l": 6.056938459936, 
      "name": "", 
      "numOfAddr": 1, 
      "r": 6.056938459936, 
      "sanName": "", 
      "t": 50.254306892266
    }, 
    {
      "b": 50.254533889869, 
      "l": 6.05610524341, 
      "name": "", 
      "numOfAddr": 1, 
      "r": 6.05610524341, 
      "sanName": "", 
      "t": 50.254533889869
    }, 
    {
      "b": 50.255749922624, 
      "l": 6.058165099763, 
      "name": "", 
      "numOfAddr": 1, 
      "r": 6.058165099763, 
      "sanName": "", 
      "t": 50.255749922624
    }, 
    {
      "b": 50.253532783815, 
      "l": 6.064138980232, 
      "name": "", 
      "numOfAddr": 1, 
      "r": 6.064138980232, 
      "sanName": "", 
      "t": 50.253532783815
    }
  ]
}