{
  "streets": [
    {
      "b": 50.248930999396, 
      "l": 6.20336462841, 
      "name": "", 
      "numOfAddr": 1, 
      "r": 6.20336462841, 
      "sanName": "", 
      "t": 50.248930999396
    }
  ]
}