{
  "streets": [
    {
      "b": 50.34172179799, 
      "l": 6.243401013933, 
      "name": "", 
      "numOfAddr": 1, 
      "r": 6.243401013933, 
      "sanName": "", 
      "t": 50.34172179799
    }
  ]
}