{
  "streets": [
    {
      "b": 50.264038105134, 
      "l": 6.142610814361, 
      "name": "", 
      "numOfAddr": 1, 
      "r": 6.142610814361, 
      "sanName": "", 
      "t": 50.264038105134
    }
  ]
}