{
  "streets": [
    {
      "b": 49.578515070677, 
      "l": 5.6986979378, 
      "name": "", 
      "numOfAddr": 1, 
      "r": 5.6986979378, 
      "sanName": "", 
      "t": 49.578515070677
    }, 
    {
      "b": 49.569141686802, 
      "l": 5.704033180768, 
      "name": "", 
      "numOfAddr": 1, 
      "r": 5.704033180768, 
      "sanName": "", 
      "t": 49.569141686802
    }, 
    {
      "b": 49.581302594688, 
      "l": 5.700496407202, 
      "name": "", 
      "numOfAddr": 1, 
      "otherPCs": [
        "Musson"
      ], 
      "r": 5.700496407202, 
      "sanName": "", 
      "t": 49.581302594688
    }, 
    {
      "b": 49.578467097846, 
      "l": 5.696495633536, 
      "name": "", 
      "numOfAddr": 1, 
      "r": 5.696495633536, 
      "sanName": "", 
      "t": 49.578467097846
    }
  ]
}