{
  "streets": [
    {
      "b": 49.882993326694, 
      "l": 5.630202072718, 
      "name": "", 
      "numOfAddr": 1, 
      "r": 5.630202072718, 
      "sanName": "", 
      "t": 49.882993326694
    }, 
    {
      "b": 49.883098622666, 
      "l": 5.632257558803, 
      "name": "", 
      "numOfAddr": 1, 
      "r": 5.632257558803, 
      "sanName": "", 
      "t": 49.883098622666
    }, 
    {
      "b": 49.885085964718, 
      "l": 5.633484280723, 
      "name": "", 
      "numOfAddr": 1, 
      "r": 5.633484280723, 
      "sanName": "", 
      "t": 49.885085964718
    }
  ]
}