{
  "streets": [
    {
      "b": 50.048301414543, 
      "l": 5.688939080134, 
      "name": "", 
      "numOfAddr": 1, 
      "r": 5.688939080134, 
      "sanName": "", 
      "t": 50.048301414543
    }, 
    {
      "b": 50.047842792982, 
      "l": 5.694597911418, 
      "name": "", 
      "numOfAddr": 1, 
      "r": 5.694597911418, 
      "sanName": "", 
      "t": 50.047842792982
    }, 
    {
      "b": 50.049874243093, 
      "l": 5.693990654328, 
      "name": "", 
      "numOfAddr": 1, 
      "r": 5.693990654328, 
      "sanName": "", 
      "t": 50.049874243093
    }, 
    {
      "b": 50.053228629612, 
      "l": 5.692394830651, 
      "name": "", 
      "numOfAddr": 1, 
      "r": 5.692394830651, 
      "sanName": "", 
      "t": 50.053228629612
    }
  ]
}