{
  "streets": [
    {
      "b": 50.275224597046, 
      "l": 5.530451232839, 
      "name": "", 
      "numOfAddr": 1, 
      "r": 5.530451232839, 
      "sanName": "", 
      "t": 50.275224597046
    }, 
    {
      "b": 50.269890566622, 
      "l": 5.520606467577, 
      "name": "", 
      "numOfAddr": 1, 
      "r": 5.520606467577, 
      "sanName": "", 
      "t": 50.269890566622
    }, 
    {
      "b": 50.271613335642, 
      "l": 5.517784102593, 
      "name": "", 
      "numOfAddr": 1, 
      "r": 5.517784102593, 
      "sanName": "", 
      "t": 50.271613335642
    }
  ]
}