{
  "streets": [
    {
      "b": 50.297691813464, 
      "l": 5.727318112821, 
      "name": "", 
      "numOfAddr": 1, 
      "r": 5.727318112821, 
      "sanName": "", 
      "t": 50.297691813464
    }, 
    {
      "b": 50.298223993339, 
      "l": 5.726150698013, 
      "name": "", 
      "numOfAddr": 1, 
      "r": 5.726150698013, 
      "sanName": "", 
      "t": 50.298223993339
    }
  ]
}